year,month,state,consumption_kWh
2020,Jan,IL,11296.092499999999
2020,Jan,OH,11296.092499999999
2020,Jan,MI,11296.092499999999
2020,Jan,IN,11296.092499999999
2020,Jan,WI,11296.092499999999
2020,Jan,MN,11296.092499999999
2020,Jan,IA,11296.092499999999
2020,Jan,MO,11296.092499999999
2020,Jan,ND,11296.092499999999
2020,Jan,SD,11296.092499999999
2020,Jan,KS,11296.092499999999
2020,Jan,NE,11296.092499999999
2020,Jan,FL,4921.2179166666665
2020,Jan,GA,4921.2179166666665
2020,Jan,NC,4921.2179166666665
2020,Jan,SC,4921.2179166666665
2020,Jan,AL,4921.2179166666665
2020,Jan,MS,4921.2179166666665
2020,Jan,TN,4921.2179166666665
2020,Jan,KY,4921.2179166666665
2020,Jan,VA,4921.2179166666665
2020,Jan,WV,4921.2179166666665
2020,Jan,AR,4921.2179166666665
2020,Jan,LA,4921.2179166666665
2020,Jan,TX,14763.65375
2020,Jan,OK,14763.65375
2020,Jan,NM,14763.65375
2020,Jan,AZ,14763.65375
2020,Jan,NY,12298.216666666667
2020,Jan,NJ,12298.216666666667
2020,Jan,PA,12298.216666666667
2020,Jan,MA,12298.216666666667
2020,Jan,CT,12298.216666666667
2020,Jan,RI,12298.216666666667
2020,Jan,VT,12298.216666666667
2020,Jan,NH,12298.216666666667
2020,Jan,ME,12298.216666666667
2020,Jan,CA,5217.867272727272
2020,Jan,WA,5217.867272727272
2020,Jan,OR,5217.867272727272
2020,Jan,NV,5217.867272727272
2020,Jan,CO,5217.867272727272
2020,Jan,UT,5217.867272727272
2020,Jan,ID,5217.867272727272
2020,Jan,MT,5217.867272727272
2020,Jan,WY,5217.867272727272
2020,Jan,AK,5217.867272727272
2020,Jan,HI,5217.867272727272
2020,Jan,TX,14349.135
2020,Jan,OK,14349.135
2020,Jan,NM,14349.135
2020,Jan,AZ,14349.135
2020,Feb,IL,10822.658333333333
2020,Feb,OH,10822.658333333333
2020,Feb,MI,10822.658333333333
2020,Feb,IN,10822.658333333333
2020,Feb,WI,10822.658333333333
2020,Feb,MN,10822.658333333333
2020,Feb,IA,10822.658333333333
2020,Feb,MO,10822.658333333333
2020,Feb,ND,10822.658333333333
2020,Feb,SD,10822.658333333333
2020,Feb,KS,10822.658333333333
2020,Feb,NE,10822.658333333333
2020,Feb,FL,3726.0154166666666
2020,Feb,GA,3726.0154166666666
2020,Feb,NC,3726.0154166666666
2020,Feb,SC,3726.0154166666666
2020,Feb,AL,3726.0154166666666
2020,Feb,MS,3726.0154166666666
2020,Feb,TN,3726.0154166666666
2020,Feb,KY,3726.0154166666666
2020,Feb,VA,3726.0154166666666
2020,Feb,WV,3726.0154166666666
2020,Feb,AR,3726.0154166666666
2020,Feb,LA,3726.0154166666666
2020,Feb,TX,11178.04625
2020,Feb,OK,11178.04625
2020,Feb,NM,11178.04625
2020,Feb,AZ,11178.04625
2020,Feb,NY,14952.594444444445
2020,Feb,NJ,14952.594444444445
2020,Feb,PA,14952.594444444445
2020,Feb,MA,14952.594444444445
2020,Feb,CT,14952.594444444445
2020,Feb,RI,14952.594444444445
2020,Feb,VT,14952.594444444445
2020,Feb,NH,14952.594444444445
2020,Feb,ME,14952.594444444445
2020,Feb,CA,6015.449090909091
2020,Feb,WA,6015.449090909091
2020,Feb,OR,6015.449090909091
2020,Feb,NV,6015.449090909091
2020,Feb,CO,6015.449090909091
2020,Feb,UT,6015.449090909091
2020,Feb,ID,6015.449090909091
2020,Feb,MT,6015.449090909091
2020,Feb,WY,6015.449090909091
2020,Feb,AK,6015.449090909091
2020,Feb,HI,6015.449090909091
2020,Feb,TX,16542.485
2020,Feb,OK,16542.485
2020,Feb,NM,16542.485
2020,Feb,AZ,16542.485
2020,Mar,IL,11657.738333333333
2020,Mar,OH,11657.738333333333
2020,Mar,MI,11657.738333333333
2020,Mar,IN,11657.738333333333
2020,Mar,WI,11657.738333333333
2020,Mar,MN,11657.738333333333
2020,Mar,IA,11657.738333333333
2020,Mar,MO,11657.738333333333
2020,Mar,ND,11657.738333333333
2020,Mar,SD,11657.738333333333
2020,Mar,KS,11657.738333333333
2020,Mar,NE,11657.738333333333
2020,Mar,FL,4779.774583333333
2020,Mar,GA,4779.774583333333
2020,Mar,NC,4779.774583333333
2020,Mar,SC,4779.774583333333
2020,Mar,AL,4779.774583333333
2020,Mar,MS,4779.774583333333
2020,Mar,TN,4779.774583333333
2020,Mar,KY,4779.774583333333
2020,Mar,VA,4779.774583333333
2020,Mar,WV,4779.774583333333
2020,Mar,AR,4779.774583333333
2020,Mar,LA,4779.774583333333
2020,Mar,TX,14339.32375
2020,Mar,OK,14339.32375
2020,Mar,NM,14339.32375
2020,Mar,AZ,14339.32375
2020,Mar,NY,13965.701111111111
2020,Mar,NJ,13965.701111111111
2020,Mar,PA,13965.701111111111
2020,Mar,MA,13965.701111111111
2020,Mar,CT,13965.701111111111
2020,Mar,RI,13965.701111111111
2020,Mar,VT,13965.701111111111
2020,Mar,NH,13965.701111111111
2020,Mar,ME,13965.701111111111
2020,Mar,CA,4751.902727272727
2020,Mar,WA,4751.902727272727
2020,Mar,OR,4751.902727272727
2020,Mar,NV,4751.902727272727
2020,Mar,CO,4751.902727272727
2020,Mar,UT,4751.902727272727
2020,Mar,ID,4751.902727272727
2020,Mar,MT,4751.902727272727
2020,Mar,WY,4751.902727272727
2020,Mar,AK,4751.902727272727
2020,Mar,HI,4751.902727272727
2020,Mar,TX,13067.7325
2020,Mar,OK,13067.7325
2020,Mar,NM,13067.7325
2020,Mar,AZ,13067.7325
2020,Apr,IL,8879.475833333334
2020,Apr,OH,8879.475833333334
2020,Apr,MI,8879.475833333334
2020,Apr,IN,8879.475833333334
2020,Apr,WI,8879.475833333334
2020,Apr,MN,8879.475833333334
2020,Apr,IA,8879.475833333334
2020,Apr,MO,8879.475833333334
2020,Apr,ND,8879.475833333334
2020,Apr,SD,8879.475833333334
2020,Apr,KS,8879.475833333334
2020,Apr,NE,8879.475833333334
2020,Apr,FL,5551.107499999999
2020,Apr,GA,5551.107499999999
2020,Apr,NC,5551.107499999999
2020,Apr,SC,5551.107499999999
2020,Apr,AL,5551.107499999999
2020,Apr,MS,5551.107499999999
2020,Apr,TN,5551.107499999999
2020,Apr,KY,5551.107499999999
2020,Apr,VA,5551.107499999999
2020,Apr,WV,5551.107499999999
2020,Apr,AR,5551.107499999999
2020,Apr,LA,5551.107499999999
2020,Apr,TX,16653.3225
2020,Apr,OK,16653.3225
2020,Apr,NM,16653.3225
2020,Apr,AZ,16653.3225
2020,Apr,NY,13618.768888888888
2020,Apr,NJ,13618.768888888888
2020,Apr,PA,13618.768888888888
2020,Apr,MA,13618.768888888888
2020,Apr,CT,13618.768888888888
2020,Apr,RI,13618.768888888888
2020,Apr,VT,13618.768888888888
2020,Apr,NH,13618.768888888888
2020,Apr,ME,13618.768888888888
2020,Apr,CA,5734.056363636364
2020,Apr,WA,5734.056363636364
2020,Apr,OR,5734.056363636364
2020,Apr,NV,5734.056363636364
2020,Apr,CO,5734.056363636364
2020,Apr,UT,5734.056363636364
2020,Apr,ID,5734.056363636364
2020,Apr,MT,5734.056363636364
2020,Apr,WY,5734.056363636364
2020,Apr,AK,5734.056363636364
2020,Apr,HI,5734.056363636364
2020,Apr,TX,15768.655
2020,Apr,OK,15768.655
2020,Apr,NM,15768.655
2020,Apr,AZ,15768.655
2020,May,IL,13028.8025
2020,May,OH,13028.8025
2020,May,MI,13028.8025
2020,May,IN,13028.8025
2020,May,WI,13028.8025
2020,May,MN,13028.8025
2020,May,IA,13028.8025
2020,May,MO,13028.8025
2020,May,ND,13028.8025
2020,May,SD,13028.8025
2020,May,KS,13028.8025
2020,May,NE,13028.8025
2020,May,FL,4201.482916666667
2020,May,GA,4201.482916666667
2020,May,NC,4201.482916666667
2020,May,SC,4201.482916666667
2020,May,AL,4201.482916666667
2020,May,MS,4201.482916666667
2020,May,TN,4201.482916666667
2020,May,KY,4201.482916666667
2020,May,VA,4201.482916666667
2020,May,WV,4201.482916666667
2020,May,AR,4201.482916666667
2020,May,LA,4201.482916666667
2020,May,TX,12604.44875
2020,May,OK,12604.44875
2020,May,NM,12604.44875
2020,May,AZ,12604.44875
2020,May,NY,14935.483333333334
2020,May,NJ,14935.483333333334
2020,May,PA,14935.483333333334
2020,May,MA,14935.483333333334
2020,May,CT,14935.483333333334
2020,May,RI,14935.483333333334
2020,May,VT,14935.483333333334
2020,May,NH,14935.483333333334
2020,May,ME,14935.483333333334
2020,May,CA,5698.443636363636
2020,May,WA,5698.443636363636
2020,May,OR,5698.443636363636
2020,May,NV,5698.443636363636
2020,May,CO,5698.443636363636
2020,May,UT,5698.443636363636
2020,May,ID,5698.443636363636
2020,May,MT,5698.443636363636
2020,May,WY,5698.443636363636
2020,May,AK,5698.443636363636
2020,May,HI,5698.443636363636
2020,May,TX,15670.72
2020,May,OK,15670.72
2020,May,NM,15670.72
2020,May,AZ,15670.72
2020,Jun,IL,9513.009166666667
2020,Jun,OH,9513.009166666667
2020,Jun,MI,9513.009166666667
2020,Jun,IN,9513.009166666667
2020,Jun,WI,9513.009166666667
2020,Jun,MN,9513.009166666667
2020,Jun,IA,9513.009166666667
2020,Jun,MO,9513.009166666667
2020,Jun,ND,9513.009166666667
2020,Jun,SD,9513.009166666667
2020,Jun,KS,9513.009166666667
2020,Jun,NE,9513.009166666667
2020,Jun,FL,5321.065833333333
2020,Jun,GA,5321.065833333333
2020,Jun,NC,5321.065833333333
2020,Jun,SC,5321.065833333333
2020,Jun,AL,5321.065833333333
2020,Jun,MS,5321.065833333333
2020,Jun,TN,5321.065833333333
2020,Jun,KY,5321.065833333333
2020,Jun,VA,5321.065833333333
2020,Jun,WV,5321.065833333333
2020,Jun,AR,5321.065833333333
2020,Jun,LA,5321.065833333333
2020,Jun,TX,15963.1975
2020,Jun,OK,15963.1975
2020,Jun,NM,15963.1975
2020,Jun,AZ,15963.1975
2020,Jun,NY,15696.98111111111
2020,Jun,NJ,15696.98111111111
2020,Jun,PA,15696.98111111111
2020,Jun,MA,15696.98111111111
2020,Jun,CT,15696.98111111111
2020,Jun,RI,15696.98111111111
2020,Jun,VT,15696.98111111111
2020,Jun,NH,15696.98111111111
2020,Jun,ME,15696.98111111111
2020,Jun,CA,6024.433636363637
2020,Jun,WA,6024.433636363637
2020,Jun,OR,6024.433636363637
2020,Jun,NV,6024.433636363637
2020,Jun,CO,6024.433636363637
2020,Jun,UT,6024.433636363637
2020,Jun,ID,6024.433636363637
2020,Jun,MT,6024.433636363637
2020,Jun,WY,6024.433636363637
2020,Jun,AK,6024.433636363637
2020,Jun,HI,6024.433636363637
2020,Jun,TX,16567.1925
2020,Jun,OK,16567.1925
2020,Jun,NM,16567.1925
2020,Jun,AZ,16567.1925
2020,Jul,IL,10377.85
2020,Jul,OH,10377.85
2020,Jul,MI,10377.85
2020,Jul,IN,10377.85
2020,Jul,WI,10377.85
2020,Jul,MN,10377.85
2020,Jul,IA,10377.85
2020,Jul,MO,10377.85
2020,Jul,ND,10377.85
2020,Jul,SD,10377.85
2020,Jul,KS,10377.85
2020,Jul,NE,10377.85
2020,Jul,FL,4677.3133333333335
2020,Jul,GA,4677.3133333333335
2020,Jul,NC,4677.3133333333335
2020,Jul,SC,4677.3133333333335
2020,Jul,AL,4677.3133333333335
2020,Jul,MS,4677.3133333333335
2020,Jul,TN,4677.3133333333335
2020,Jul,KY,4677.3133333333335
2020,Jul,VA,4677.3133333333335
2020,Jul,WV,4677.3133333333335
2020,Jul,AR,4677.3133333333335
2020,Jul,LA,4677.3133333333335
2020,Jul,TX,14031.94
2020,Jul,OK,14031.94
2020,Jul,NM,14031.94
2020,Jul,AZ,14031.94
2020,Jul,NY,13872.774444444445
2020,Jul,NJ,13872.774444444445
2020,Jul,PA,13872.774444444445
2020,Jul,MA,13872.774444444445
2020,Jul,CT,13872.774444444445
2020,Jul,RI,13872.774444444445
2020,Jul,VT,13872.774444444445
2020,Jul,NH,13872.774444444445
2020,Jul,ME,13872.774444444445
2020,Jul,CA,5148.171363636364
2020,Jul,WA,5148.171363636364
2020,Jul,OR,5148.171363636364
2020,Jul,NV,5148.171363636364
2020,Jul,CO,5148.171363636364
2020,Jul,UT,5148.171363636364
2020,Jul,ID,5148.171363636364
2020,Jul,MT,5148.171363636364
2020,Jul,WY,5148.171363636364
2020,Jul,AK,5148.171363636364
2020,Jul,HI,5148.171363636364
2020,Jul,TX,14157.47125
2020,Jul,OK,14157.47125
2020,Jul,NM,14157.47125
2020,Jul,AZ,14157.47125
2020,Aug,IL,9466.991666666667
2020,Aug,OH,9466.991666666667
2020,Aug,MI,9466.991666666667
2020,Aug,IN,9466.991666666667
2020,Aug,WI,9466.991666666667
2020,Aug,MN,9466.991666666667
2020,Aug,IA,9466.991666666667
2020,Aug,MO,9466.991666666667
2020,Aug,ND,9466.991666666667
2020,Aug,SD,9466.991666666667
2020,Aug,KS,9466.991666666667
2020,Aug,NE,9466.991666666667
2020,Aug,FL,5467.018333333333
2020,Aug,GA,5467.018333333333
2020,Aug,NC,5467.018333333333
2020,Aug,SC,5467.018333333333
2020,Aug,AL,5467.018333333333
2020,Aug,MS,5467.018333333333
2020,Aug,TN,5467.018333333333
2020,Aug,KY,5467.018333333333
2020,Aug,VA,5467.018333333333
2020,Aug,WV,5467.018333333333
2020,Aug,AR,5467.018333333333
2020,Aug,LA,5467.018333333333
2020,Aug,TX,16401.055
2020,Aug,OK,16401.055
2020,Aug,NM,16401.055
2020,Aug,AZ,16401.055
2020,Aug,NY,11672.813333333334
2020,Aug,NJ,11672.813333333334
2020,Aug,PA,11672.813333333334
2020,Aug,MA,11672.813333333334
2020,Aug,CT,11672.813333333334
2020,Aug,RI,11672.813333333334
2020,Aug,VT,11672.813333333334
2020,Aug,NH,11672.813333333334
2020,Aug,ME,11672.813333333334
2020,Aug,CA,4314.420909090909
2020,Aug,WA,4314.420909090909
2020,Aug,OR,4314.420909090909
2020,Aug,NV,4314.420909090909
2020,Aug,CO,4314.420909090909
2020,Aug,UT,4314.420909090909
2020,Aug,ID,4314.420909090909
2020,Aug,MT,4314.420909090909
2020,Aug,WY,4314.420909090909
2020,Aug,AK,4314.420909090909
2020,Aug,HI,4314.420909090909
2020,Aug,TX,11864.6575
2020,Aug,OK,11864.6575
2020,Aug,NM,11864.6575
2020,Aug,AZ,11864.6575
2020,Sep,IL,9108.360833333334
2020,Sep,OH,9108.360833333334
2020,Sep,MI,9108.360833333334
2020,Sep,IN,9108.360833333334
2020,Sep,WI,9108.360833333334
2020,Sep,MN,9108.360833333334
2020,Sep,IA,9108.360833333334
2020,Sep,MO,9108.360833333334
2020,Sep,ND,9108.360833333334
2020,Sep,SD,9108.360833333334
2020,Sep,KS,9108.360833333334
2020,Sep,NE,9108.360833333334
2020,Sep,FL,4737.977916666667
2020,Sep,GA,4737.977916666667
2020,Sep,NC,4737.977916666667
2020,Sep,SC,4737.977916666667
2020,Sep,AL,4737.977916666667
2020,Sep,MS,4737.977916666667
2020,Sep,TN,4737.977916666667
2020,Sep,KY,4737.977916666667
2020,Sep,VA,4737.977916666667
2020,Sep,WV,4737.977916666667
2020,Sep,AR,4737.977916666667
2020,Sep,LA,4737.977916666667
2020,Sep,TX,14213.93375
2020,Sep,OK,14213.93375
2020,Sep,NM,14213.93375
2020,Sep,AZ,14213.93375
2020,Sep,NY,11671.037777777778
2020,Sep,NJ,11671.037777777778
2020,Sep,PA,11671.037777777778
2020,Sep,MA,11671.037777777778
2020,Sep,CT,11671.037777777778
2020,Sep,RI,11671.037777777778
2020,Sep,VT,11671.037777777778
2020,Sep,NH,11671.037777777778
2020,Sep,ME,11671.037777777778
2020,Sep,CA,5985.918636363636
2020,Sep,WA,5985.918636363636
2020,Sep,OR,5985.918636363636
2020,Sep,NV,5985.918636363636
2020,Sep,CO,5985.918636363636
2020,Sep,UT,5985.918636363636
2020,Sep,ID,5985.918636363636
2020,Sep,MT,5985.918636363636
2020,Sep,WY,5985.918636363636
2020,Sep,AK,5985.918636363636
2020,Sep,HI,5985.918636363636
2020,Sep,TX,16461.27625
2020,Sep,OK,16461.27625
2020,Sep,NM,16461.27625
2020,Sep,AZ,16461.27625
2020,Oct,IL,7732.6641666666665
2020,Oct,OH,7732.6641666666665
2020,Oct,MI,7732.6641666666665
2020,Oct,IN,7732.6641666666665
2020,Oct,WI,7732.6641666666665
2020,Oct,MN,7732.6641666666665
2020,Oct,IA,7732.6641666666665
2020,Oct,MO,7732.6641666666665
2020,Oct,ND,7732.6641666666665
2020,Oct,SD,7732.6641666666665
2020,Oct,KS,7732.6641666666665
2020,Oct,NE,7732.6641666666665
2020,Oct,FL,3590.5375
2020,Oct,GA,3590.5375
2020,Oct,NC,3590.5375
2020,Oct,SC,3590.5375
2020,Oct,AL,3590.5375
2020,Oct,MS,3590.5375
2020,Oct,TN,3590.5375
2020,Oct,KY,3590.5375
2020,Oct,VA,3590.5375
2020,Oct,WV,3590.5375
2020,Oct,AR,3590.5375
2020,Oct,LA,3590.5375
2020,Oct,TX,10771.6125
2020,Oct,OK,10771.6125
2020,Oct,NM,10771.6125
2020,Oct,AZ,10771.6125
2020,Oct,NY,10980.766666666666
2020,Oct,NJ,10980.766666666666
2020,Oct,PA,10980.766666666666
2020,Oct,MA,10980.766666666666
2020,Oct,CT,10980.766666666666
2020,Oct,RI,10980.766666666666
2020,Oct,VT,10980.766666666666
2020,Oct,NH,10980.766666666666
2020,Oct,ME,10980.766666666666
2020,Oct,CA,6003.29590909091
2020,Oct,WA,6003.29590909091
2020,Oct,OR,6003.29590909091
2020,Oct,NV,6003.29590909091
2020,Oct,CO,6003.29590909091
2020,Oct,UT,6003.29590909091
2020,Oct,ID,6003.29590909091
2020,Oct,MT,6003.29590909091
2020,Oct,WY,6003.29590909091
2020,Oct,AK,6003.29590909091
2020,Oct,HI,6003.29590909091
2020,Oct,TX,16509.06375
2020,Oct,OK,16509.06375
2020,Oct,NM,16509.06375
2020,Oct,AZ,16509.06375
2020,Nov,IL,10544.335000000001
2020,Nov,OH,10544.335000000001
2020,Nov,MI,10544.335000000001
2020,Nov,IN,10544.335000000001
2020,Nov,WI,10544.335000000001
2020,Nov,MN,10544.335000000001
2020,Nov,IA,10544.335000000001
2020,Nov,MO,10544.335000000001
2020,Nov,ND,10544.335000000001
2020,Nov,SD,10544.335000000001
2020,Nov,KS,10544.335000000001
2020,Nov,NE,10544.335000000001
2020,Nov,FL,4639.22125
2020,Nov,GA,4639.22125
2020,Nov,NC,4639.22125
2020,Nov,SC,4639.22125
2020,Nov,AL,4639.22125
2020,Nov,MS,4639.22125
2020,Nov,TN,4639.22125
2020,Nov,KY,4639.22125
2020,Nov,VA,4639.22125
2020,Nov,WV,4639.22125
2020,Nov,AR,4639.22125
2020,Nov,LA,4639.22125
2020,Nov,TX,13917.66375
2020,Nov,OK,13917.66375
2020,Nov,NM,13917.66375
2020,Nov,AZ,13917.66375
2020,Nov,NY,12833.13111111111
2020,Nov,NJ,12833.13111111111
2020,Nov,PA,12833.13111111111
2020,Nov,MA,12833.13111111111
2020,Nov,CT,12833.13111111111
2020,Nov,RI,12833.13111111111
2020,Nov,VT,12833.13111111111
2020,Nov,NH,12833.13111111111
2020,Nov,ME,12833.13111111111
2020,Nov,CA,6229.845454545455
2020,Nov,WA,6229.845454545455
2020,Nov,OR,6229.845454545455
2020,Nov,NV,6229.845454545455
2020,Nov,CO,6229.845454545455
2020,Nov,UT,6229.845454545455
2020,Nov,ID,6229.845454545455
2020,Nov,MT,6229.845454545455
2020,Nov,WY,6229.845454545455
2020,Nov,AK,6229.845454545455
2020,Nov,HI,6229.845454545455
2020,Nov,TX,17132.075
2020,Nov,OK,17132.075
2020,Nov,NM,17132.075
2020,Nov,AZ,17132.075
2020,Dec,IL,8949.341666666667
2020,Dec,OH,8949.341666666667
2020,Dec,MI,8949.341666666667
2020,Dec,IN,8949.341666666667
2020,Dec,WI,8949.341666666667
2020,Dec,MN,8949.341666666667
2020,Dec,IA,8949.341666666667
2020,Dec,MO,8949.341666666667
2020,Dec,ND,8949.341666666667
2020,Dec,SD,8949.341666666667
2020,Dec,KS,8949.341666666667
2020,Dec,NE,8949.341666666667
2020,Dec,FL,5281.7420833333335
2020,Dec,GA,5281.7420833333335
2020,Dec,NC,5281.7420833333335
2020,Dec,SC,5281.7420833333335
2020,Dec,AL,5281.7420833333335
2020,Dec,MS,5281.7420833333335
2020,Dec,TN,5281.7420833333335
2020,Dec,KY,5281.7420833333335
2020,Dec,VA,5281.7420833333335
2020,Dec,WV,5281.7420833333335
2020,Dec,AR,5281.7420833333335
2020,Dec,LA,5281.7420833333335
2020,Dec,TX,15845.22625
2020,Dec,OK,15845.22625
2020,Dec,NM,15845.22625
2020,Dec,AZ,15845.22625
2020,Dec,NY,14281.254444444443
2020,Dec,NJ,14281.254444444443
2020,Dec,PA,14281.254444444443
2020,Dec,MA,14281.254444444443
2020,Dec,CT,14281.254444444443
2020,Dec,RI,14281.254444444443
2020,Dec,VT,14281.254444444443
2020,Dec,NH,14281.254444444443
2020,Dec,ME,14281.254444444443
2020,Dec,CA,4774.388181818182
2020,Dec,WA,4774.388181818182
2020,Dec,OR,4774.388181818182
2020,Dec,NV,4774.388181818182
2020,Dec,CO,4774.388181818182
2020,Dec,UT,4774.388181818182
2020,Dec,ID,4774.388181818182
2020,Dec,MT,4774.388181818182
2020,Dec,WY,4774.388181818182
2020,Dec,AK,4774.388181818182
2020,Dec,HI,4774.388181818182
2020,Dec,TX,13129.5675
2020,Dec,OK,13129.5675
2020,Dec,NM,13129.5675
2020,Dec,AZ,13129.5675
2021,Jan,IL,9128.175833333333
2021,Jan,OH,9128.175833333333
2021,Jan,MI,9128.175833333333
2021,Jan,IN,9128.175833333333
2021,Jan,WI,9128.175833333333
2021,Jan,MN,9128.175833333333
2021,Jan,IA,9128.175833333333
2021,Jan,MO,9128.175833333333
2021,Jan,ND,9128.175833333333
2021,Jan,SD,9128.175833333333
2021,Jan,KS,9128.175833333333
2021,Jan,NE,9128.175833333333
2021,Jan,FL,6191.390416666666
2021,Jan,GA,6191.390416666666
2021,Jan,NC,6191.390416666666
2021,Jan,SC,6191.390416666666
2021,Jan,AL,6191.390416666666
2021,Jan,MS,6191.390416666666
2021,Jan,TN,6191.390416666666
2021,Jan,KY,6191.390416666666
2021,Jan,VA,6191.390416666666
2021,Jan,WV,6191.390416666666
2021,Jan,AR,6191.390416666666
2021,Jan,LA,6191.390416666666
2021,Jan,TX,18574.17125
2021,Jan,OK,18574.17125
2021,Jan,NM,18574.17125
2021,Jan,AZ,18574.17125
2021,Jan,NY,15183.05111111111
2021,Jan,NJ,15183.05111111111
2021,Jan,PA,15183.05111111111
2021,Jan,MA,15183.05111111111
2021,Jan,CT,15183.05111111111
2021,Jan,RI,15183.05111111111
2021,Jan,VT,15183.05111111111
2021,Jan,NH,15183.05111111111
2021,Jan,ME,15183.05111111111
2021,Jan,CA,6596.981818181818
2021,Jan,WA,6596.981818181818
2021,Jan,OR,6596.981818181818
2021,Jan,NV,6596.981818181818
2021,Jan,CO,6596.981818181818
2021,Jan,UT,6596.981818181818
2021,Jan,ID,6596.981818181818
2021,Jan,MT,6596.981818181818
2021,Jan,WY,6596.981818181818
2021,Jan,AK,6596.981818181818
2021,Jan,HI,6596.981818181818
2021,Jan,TX,18141.7
2021,Jan,OK,18141.7
2021,Jan,NM,18141.7
2021,Jan,AZ,18141.7
2021,Feb,IL,9329.805833333334
2021,Feb,OH,9329.805833333334
2021,Feb,MI,9329.805833333334
2021,Feb,IN,9329.805833333334
2021,Feb,WI,9329.805833333334
2021,Feb,MN,9329.805833333334
2021,Feb,IA,9329.805833333334
2021,Feb,MO,9329.805833333334
2021,Feb,ND,9329.805833333334
2021,Feb,SD,9329.805833333334
2021,Feb,KS,9329.805833333334
2021,Feb,NE,9329.805833333334
2021,Feb,FL,4710.167916666666
2021,Feb,GA,4710.167916666666
2021,Feb,NC,4710.167916666666
2021,Feb,SC,4710.167916666666
2021,Feb,AL,4710.167916666666
2021,Feb,MS,4710.167916666666
2021,Feb,TN,4710.167916666666
2021,Feb,KY,4710.167916666666
2021,Feb,VA,4710.167916666666
2021,Feb,WV,4710.167916666666
2021,Feb,AR,4710.167916666666
2021,Feb,LA,4710.167916666666
2021,Feb,TX,14130.50375
2021,Feb,OK,14130.50375
2021,Feb,NM,14130.50375
2021,Feb,AZ,14130.50375
2021,Feb,NY,13104.636666666665
2021,Feb,NJ,13104.636666666665
2021,Feb,PA,13104.636666666665
2021,Feb,MA,13104.636666666665
2021,Feb,CT,13104.636666666665
2021,Feb,RI,13104.636666666665
2021,Feb,VT,13104.636666666665
2021,Feb,NH,13104.636666666665
2021,Feb,ME,13104.636666666665
2021,Feb,CA,6288.126363636364
2021,Feb,WA,6288.126363636364
2021,Feb,OR,6288.126363636364
2021,Feb,NV,6288.126363636364
2021,Feb,CO,6288.126363636364
2021,Feb,UT,6288.126363636364
2021,Feb,ID,6288.126363636364
2021,Feb,MT,6288.126363636364
2021,Feb,WY,6288.126363636364
2021,Feb,AK,6288.126363636364
2021,Feb,HI,6288.126363636364
2021,Feb,TX,17292.3475
2021,Feb,OK,17292.3475
2021,Feb,NM,17292.3475
2021,Feb,AZ,17292.3475
2021,Mar,IL,8979.658333333333
2021,Mar,OH,8979.658333333333
2021,Mar,MI,8979.658333333333
2021,Mar,IN,8979.658333333333
2021,Mar,WI,8979.658333333333
2021,Mar,MN,8979.658333333333
2021,Mar,IA,8979.658333333333
2021,Mar,MO,8979.658333333333
2021,Mar,ND,8979.658333333333
2021,Mar,SD,8979.658333333333
2021,Mar,KS,8979.658333333333
2021,Mar,NE,8979.658333333333
2021,Mar,FL,4594.449166666666
2021,Mar,GA,4594.449166666666
2021,Mar,NC,4594.449166666666
2021,Mar,SC,4594.449166666666
2021,Mar,AL,4594.449166666666
2021,Mar,MS,4594.449166666666
2021,Mar,TN,4594.449166666666
2021,Mar,KY,4594.449166666666
2021,Mar,VA,4594.449166666666
2021,Mar,WV,4594.449166666666
2021,Mar,AR,4594.449166666666
2021,Mar,LA,4594.449166666666
2021,Mar,TX,13783.3475
2021,Mar,OK,13783.3475
2021,Mar,NM,13783.3475
2021,Mar,AZ,13783.3475
2021,Mar,NY,12533.91888888889
2021,Mar,NJ,12533.91888888889
2021,Mar,PA,12533.91888888889
2021,Mar,MA,12533.91888888889
2021,Mar,CT,12533.91888888889
2021,Mar,RI,12533.91888888889
2021,Mar,VT,12533.91888888889
2021,Mar,NH,12533.91888888889
2021,Mar,ME,12533.91888888889
2021,Mar,CA,6253.476363636364
2021,Mar,WA,6253.476363636364
2021,Mar,OR,6253.476363636364
2021,Mar,NV,6253.476363636364
2021,Mar,CO,6253.476363636364
2021,Mar,UT,6253.476363636364
2021,Mar,ID,6253.476363636364
2021,Mar,MT,6253.476363636364
2021,Mar,WY,6253.476363636364
2021,Mar,AK,6253.476363636364
2021,Mar,HI,6253.476363636364
2021,Mar,TX,17197.06
2021,Mar,OK,17197.06
2021,Mar,NM,17197.06
2021,Mar,AZ,17197.06
2021,Apr,IL,10696.609166666667
2021,Apr,OH,10696.609166666667
2021,Apr,MI,10696.609166666667
2021,Apr,IN,10696.609166666667
2021,Apr,WI,10696.609166666667
2021,Apr,MN,10696.609166666667
2021,Apr,IA,10696.609166666667
2021,Apr,MO,10696.609166666667
2021,Apr,ND,10696.609166666667
2021,Apr,SD,10696.609166666667
2021,Apr,KS,10696.609166666667
2021,Apr,NE,10696.609166666667
2021,Apr,FL,4505.806666666666
2021,Apr,GA,4505.806666666666
2021,Apr,NC,4505.806666666666
2021,Apr,SC,4505.806666666666
2021,Apr,AL,4505.806666666666
2021,Apr,MS,4505.806666666666
2021,Apr,TN,4505.806666666666
2021,Apr,KY,4505.806666666666
2021,Apr,VA,4505.806666666666
2021,Apr,WV,4505.806666666666
2021,Apr,AR,4505.806666666666
2021,Apr,LA,4505.806666666666
2021,Apr,TX,13517.42
2021,Apr,OK,13517.42
2021,Apr,NM,13517.42
2021,Apr,AZ,13517.42
2021,Apr,NY,14028.975555555555
2021,Apr,NJ,14028.975555555555
2021,Apr,PA,14028.975555555555
2021,Apr,MA,14028.975555555555
2021,Apr,CT,14028.975555555555
2021,Apr,RI,14028.975555555555
2021,Apr,VT,14028.975555555555
2021,Apr,NH,14028.975555555555
2021,Apr,ME,14028.975555555555
2021,Apr,CA,5039.058636363636
2021,Apr,WA,5039.058636363636
2021,Apr,OR,5039.058636363636
2021,Apr,NV,5039.058636363636
2021,Apr,CO,5039.058636363636
2021,Apr,UT,5039.058636363636
2021,Apr,ID,5039.058636363636
2021,Apr,MT,5039.058636363636
2021,Apr,WY,5039.058636363636
2021,Apr,AK,5039.058636363636
2021,Apr,HI,5039.058636363636
2021,Apr,TX,13857.41125
2021,Apr,OK,13857.41125
2021,Apr,NM,13857.41125
2021,Apr,AZ,13857.41125
2021,May,IL,8648.299166666666
2021,May,OH,8648.299166666666
2021,May,MI,8648.299166666666
2021,May,IN,8648.299166666666
2021,May,WI,8648.299166666666
2021,May,MN,8648.299166666666
2021,May,IA,8648.299166666666
2021,May,MO,8648.299166666666
2021,May,ND,8648.299166666666
2021,May,SD,8648.299166666666
2021,May,KS,8648.299166666666
2021,May,NE,8648.299166666666
2021,May,FL,5177.913333333333
2021,May,GA,5177.913333333333
2021,May,NC,5177.913333333333
2021,May,SC,5177.913333333333
2021,May,AL,5177.913333333333
2021,May,MS,5177.913333333333
2021,May,TN,5177.913333333333
2021,May,KY,5177.913333333333
2021,May,VA,5177.913333333333
2021,May,WV,5177.913333333333
2021,May,AR,5177.913333333333
2021,May,LA,5177.913333333333
2021,May,TX,15533.74
2021,May,OK,15533.74
2021,May,NM,15533.74
2021,May,AZ,15533.74
2021,May,NY,14295.641111111112
2021,May,NJ,14295.641111111112
2021,May,PA,14295.641111111112
2021,May,MA,14295.641111111112
2021,May,CT,14295.641111111112
2021,May,RI,14295.641111111112
2021,May,VT,14295.641111111112
2021,May,NH,14295.641111111112
2021,May,ME,14295.641111111112
2021,May,CA,5978.302272727273
2021,May,WA,5978.302272727273
2021,May,OR,5978.302272727273
2021,May,NV,5978.302272727273
2021,May,CO,5978.302272727273
2021,May,UT,5978.302272727273
2021,May,ID,5978.302272727273
2021,May,MT,5978.302272727273
2021,May,WY,5978.302272727273
2021,May,AK,5978.302272727273
2021,May,HI,5978.302272727273
2021,May,TX,16440.33125
2021,May,OK,16440.33125
2021,May,NM,16440.33125
2021,May,AZ,16440.33125
2021,Jun,IL,10816.145833333334
2021,Jun,OH,10816.145833333334
2021,Jun,MI,10816.145833333334
2021,Jun,IN,10816.145833333334
2021,Jun,WI,10816.145833333334
2021,Jun,MN,10816.145833333334
2021,Jun,IA,10816.145833333334
2021,Jun,MO,10816.145833333334
2021,Jun,ND,10816.145833333334
2021,Jun,SD,10816.145833333334
2021,Jun,KS,10816.145833333334
2021,Jun,NE,10816.145833333334
2021,Jun,FL,3997.1395833333336
2021,Jun,GA,3997.1395833333336
2021,Jun,NC,3997.1395833333336
2021,Jun,SC,3997.1395833333336
2021,Jun,AL,3997.1395833333336
2021,Jun,MS,3997.1395833333336
2021,Jun,TN,3997.1395833333336
2021,Jun,KY,3997.1395833333336
2021,Jun,VA,3997.1395833333336
2021,Jun,WV,3997.1395833333336
2021,Jun,AR,3997.1395833333336
2021,Jun,LA,3997.1395833333336
2021,Jun,TX,11991.41875
2021,Jun,OK,11991.41875
2021,Jun,NM,11991.41875
2021,Jun,AZ,11991.41875
2021,Jun,NY,14047.552222222223
2021,Jun,NJ,14047.552222222223
2021,Jun,PA,14047.552222222223
2021,Jun,MA,14047.552222222223
2021,Jun,CT,14047.552222222223
2021,Jun,RI,14047.552222222223
2021,Jun,VT,14047.552222222223
2021,Jun,NH,14047.552222222223
2021,Jun,ME,14047.552222222223
2021,Jun,CA,5565.62
2021,Jun,WA,5565.62
2021,Jun,OR,5565.62
2021,Jun,NV,5565.62
2021,Jun,CO,5565.62
2021,Jun,UT,5565.62
2021,Jun,ID,5565.62
2021,Jun,MT,5565.62
2021,Jun,WY,5565.62
2021,Jun,AK,5565.62
2021,Jun,HI,5565.62
2021,Jun,TX,15305.455
2021,Jun,OK,15305.455
2021,Jun,NM,15305.455
2021,Jun,AZ,15305.455
2021,Jul,IL,10384.4225
2021,Jul,OH,10384.4225
2021,Jul,MI,10384.4225
2021,Jul,IN,10384.4225
2021,Jul,WI,10384.4225
2021,Jul,MN,10384.4225
2021,Jul,IA,10384.4225
2021,Jul,MO,10384.4225
2021,Jul,ND,10384.4225
2021,Jul,SD,10384.4225
2021,Jul,KS,10384.4225
2021,Jul,NE,10384.4225
2021,Jul,FL,5630.112083333333
2021,Jul,GA,5630.112083333333
2021,Jul,NC,5630.112083333333
2021,Jul,SC,5630.112083333333
2021,Jul,AL,5630.112083333333
2021,Jul,MS,5630.112083333333
2021,Jul,TN,5630.112083333333
2021,Jul,KY,5630.112083333333
2021,Jul,VA,5630.112083333333
2021,Jul,WV,5630.112083333333
2021,Jul,AR,5630.112083333333
2021,Jul,LA,5630.112083333333
2021,Jul,TX,16890.33625
2021,Jul,OK,16890.33625
2021,Jul,NM,16890.33625
2021,Jul,AZ,16890.33625
2021,Jul,NY,12531.302222222223
2021,Jul,NJ,12531.302222222223
2021,Jul,PA,12531.302222222223
2021,Jul,MA,12531.302222222223
2021,Jul,CT,12531.302222222223
2021,Jul,RI,12531.302222222223
2021,Jul,VT,12531.302222222223
2021,Jul,NH,12531.302222222223
2021,Jul,ME,12531.302222222223
2021,Jul,CA,6233.986363636364
2021,Jul,WA,6233.986363636364
2021,Jul,OR,6233.986363636364
2021,Jul,NV,6233.986363636364
2021,Jul,CO,6233.986363636364
2021,Jul,UT,6233.986363636364
2021,Jul,ID,6233.986363636364
2021,Jul,MT,6233.986363636364
2021,Jul,WY,6233.986363636364
2021,Jul,AK,6233.986363636364
2021,Jul,HI,6233.986363636364
2021,Jul,TX,17143.4625
2021,Jul,OK,17143.4625
2021,Jul,NM,17143.4625
2021,Jul,AZ,17143.4625
2021,Aug,IL,10111.965833333334
2021,Aug,OH,10111.965833333334
2021,Aug,MI,10111.965833333334
2021,Aug,IN,10111.965833333334
2021,Aug,WI,10111.965833333334
2021,Aug,MN,10111.965833333334
2021,Aug,IA,10111.965833333334
2021,Aug,MO,10111.965833333334
2021,Aug,ND,10111.965833333334
2021,Aug,SD,10111.965833333334
2021,Aug,KS,10111.965833333334
2021,Aug,NE,10111.965833333334
2021,Aug,FL,5772.805833333333
2021,Aug,GA,5772.805833333333
2021,Aug,NC,5772.805833333333
2021,Aug,SC,5772.805833333333
2021,Aug,AL,5772.805833333333
2021,Aug,MS,5772.805833333333
2021,Aug,TN,5772.805833333333
2021,Aug,KY,5772.805833333333
2021,Aug,VA,5772.805833333333
2021,Aug,WV,5772.805833333333
2021,Aug,AR,5772.805833333333
2021,Aug,LA,5772.805833333333
2021,Aug,TX,17318.4175
2021,Aug,OK,17318.4175
2021,Aug,NM,17318.4175
2021,Aug,AZ,17318.4175
2021,Aug,NY,13865.62
2021,Aug,NJ,13865.62
2021,Aug,PA,13865.62
2021,Aug,MA,13865.62
2021,Aug,CT,13865.62
2021,Aug,RI,13865.62
2021,Aug,VT,13865.62
2021,Aug,NH,13865.62
2021,Aug,ME,13865.62
2021,Aug,CA,5162.803636363636
2021,Aug,WA,5162.803636363636
2021,Aug,OR,5162.803636363636
2021,Aug,NV,5162.803636363636
2021,Aug,CO,5162.803636363636
2021,Aug,UT,5162.803636363636
2021,Aug,ID,5162.803636363636
2021,Aug,MT,5162.803636363636
2021,Aug,WY,5162.803636363636
2021,Aug,AK,5162.803636363636
2021,Aug,HI,5162.803636363636
2021,Aug,TX,14197.71
2021,Aug,OK,14197.71
2021,Aug,NM,14197.71
2021,Aug,AZ,14197.71
2021,Sep,IL,9717.845
2021,Sep,OH,9717.845
2021,Sep,MI,9717.845
2021,Sep,IN,9717.845
2021,Sep,WI,9717.845
2021,Sep,MN,9717.845
2021,Sep,IA,9717.845
2021,Sep,MO,9717.845
2021,Sep,ND,9717.845
2021,Sep,SD,9717.845
2021,Sep,KS,9717.845
2021,Sep,NE,9717.845
2021,Sep,FL,4138.364166666667
2021,Sep,GA,4138.364166666667
2021,Sep,NC,4138.364166666667
2021,Sep,SC,4138.364166666667
2021,Sep,AL,4138.364166666667
2021,Sep,MS,4138.364166666667
2021,Sep,TN,4138.364166666667
2021,Sep,KY,4138.364166666667
2021,Sep,VA,4138.364166666667
2021,Sep,WV,4138.364166666667
2021,Sep,AR,4138.364166666667
2021,Sep,LA,4138.364166666667
2021,Sep,TX,12415.0925
2021,Sep,OK,12415.0925
2021,Sep,NM,12415.0925
2021,Sep,AZ,12415.0925
2021,Sep,NY,12426.00111111111
2021,Sep,NJ,12426.00111111111
2021,Sep,PA,12426.00111111111
2021,Sep,MA,12426.00111111111
2021,Sep,CT,12426.00111111111
2021,Sep,RI,12426.00111111111
2021,Sep,VT,12426.00111111111
2021,Sep,NH,12426.00111111111
2021,Sep,ME,12426.00111111111
2021,Sep,CA,5190.399545454545
2021,Sep,WA,5190.399545454545
2021,Sep,OR,5190.399545454545
2021,Sep,NV,5190.399545454545
2021,Sep,CO,5190.399545454545
2021,Sep,UT,5190.399545454545
2021,Sep,ID,5190.399545454545
2021,Sep,MT,5190.399545454545
2021,Sep,WY,5190.399545454545
2021,Sep,AK,5190.399545454545
2021,Sep,HI,5190.399545454545
2021,Sep,TX,14273.59875
2021,Sep,OK,14273.59875
2021,Sep,NM,14273.59875
2021,Sep,AZ,14273.59875
2021,Oct,IL,9715.48
2021,Oct,OH,9715.48
2021,Oct,MI,9715.48
2021,Oct,IN,9715.48
2021,Oct,WI,9715.48
2021,Oct,MN,9715.48
2021,Oct,IA,9715.48
2021,Oct,MO,9715.48
2021,Oct,ND,9715.48
2021,Oct,SD,9715.48
2021,Oct,KS,9715.48
2021,Oct,NE,9715.48
2021,Oct,FL,4285.655833333333
2021,Oct,GA,4285.655833333333
2021,Oct,NC,4285.655833333333
2021,Oct,SC,4285.655833333333
2021,Oct,AL,4285.655833333333
2021,Oct,MS,4285.655833333333
2021,Oct,TN,4285.655833333333
2021,Oct,KY,4285.655833333333
2021,Oct,VA,4285.655833333333
2021,Oct,WV,4285.655833333333
2021,Oct,AR,4285.655833333333
2021,Oct,LA,4285.655833333333
2021,Oct,TX,12856.9675
2021,Oct,OK,12856.9675
2021,Oct,NM,12856.9675
2021,Oct,AZ,12856.9675
2021,Oct,NY,11990.397777777778
2021,Oct,NJ,11990.397777777778
2021,Oct,PA,11990.397777777778
2021,Oct,MA,11990.397777777778
2021,Oct,CT,11990.397777777778
2021,Oct,RI,11990.397777777778
2021,Oct,VT,11990.397777777778
2021,Oct,NH,11990.397777777778
2021,Oct,ME,11990.397777777778
2021,Oct,CA,5162.125454545454
2021,Oct,WA,5162.125454545454
2021,Oct,OR,5162.125454545454
2021,Oct,NV,5162.125454545454
2021,Oct,CO,5162.125454545454
2021,Oct,UT,5162.125454545454
2021,Oct,ID,5162.125454545454
2021,Oct,MT,5162.125454545454
2021,Oct,WY,5162.125454545454
2021,Oct,AK,5162.125454545454
2021,Oct,HI,5162.125454545454
2021,Oct,TX,14195.845
2021,Oct,OK,14195.845
2021,Oct,NM,14195.845
2021,Oct,AZ,14195.845
2021,Nov,IL,7825.051666666666
2021,Nov,OH,7825.051666666666
2021,Nov,MI,7825.051666666666
2021,Nov,IN,7825.051666666666
2021,Nov,WI,7825.051666666666
2021,Nov,MN,7825.051666666666
2021,Nov,IA,7825.051666666666
2021,Nov,MO,7825.051666666666
2021,Nov,ND,7825.051666666666
2021,Nov,SD,7825.051666666666
2021,Nov,KS,7825.051666666666
2021,Nov,NE,7825.051666666666
2021,Nov,FL,5690.712916666666
2021,Nov,GA,5690.712916666666
2021,Nov,NC,5690.712916666666
2021,Nov,SC,5690.712916666666
2021,Nov,AL,5690.712916666666
2021,Nov,MS,5690.712916666666
2021,Nov,TN,5690.712916666666
2021,Nov,KY,5690.712916666666
2021,Nov,VA,5690.712916666666
2021,Nov,WV,5690.712916666666
2021,Nov,AR,5690.712916666666
2021,Nov,LA,5690.712916666666
2021,Nov,TX,17072.13875
2021,Nov,OK,17072.13875
2021,Nov,NM,17072.13875
2021,Nov,AZ,17072.13875
2021,Nov,NY,10830.326666666668
2021,Nov,NJ,10830.326666666668
2021,Nov,PA,10830.326666666668
2021,Nov,MA,10830.326666666668
2021,Nov,CT,10830.326666666668
2021,Nov,RI,10830.326666666668
2021,Nov,VT,10830.326666666668
2021,Nov,NH,10830.326666666668
2021,Nov,ME,10830.326666666668
2021,Nov,CA,3986.140909090909
2021,Nov,WA,3986.140909090909
2021,Nov,OR,3986.140909090909
2021,Nov,NV,3986.140909090909
2021,Nov,CO,3986.140909090909
2021,Nov,UT,3986.140909090909
2021,Nov,ID,3986.140909090909
2021,Nov,MT,3986.140909090909
2021,Nov,WY,3986.140909090909
2021,Nov,AK,3986.140909090909
2021,Nov,HI,3986.140909090909
2021,Nov,TX,10961.8875
2021,Nov,OK,10961.8875
2021,Nov,NM,10961.8875
2021,Nov,AZ,10961.8875
2021,Dec,IL,9885.718333333332
2021,Dec,OH,9885.718333333332
2021,Dec,MI,9885.718333333332
2021,Dec,IN,9885.718333333332
2021,Dec,WI,9885.718333333332
2021,Dec,MN,9885.718333333332
2021,Dec,IA,9885.718333333332
2021,Dec,MO,9885.718333333332
2021,Dec,ND,9885.718333333332
2021,Dec,SD,9885.718333333332
2021,Dec,KS,9885.718333333332
2021,Dec,NE,9885.718333333332
2021,Dec,FL,5072.295
2021,Dec,GA,5072.295
2021,Dec,NC,5072.295
2021,Dec,SC,5072.295
2021,Dec,AL,5072.295
2021,Dec,MS,5072.295
2021,Dec,TN,5072.295
2021,Dec,KY,5072.295
2021,Dec,VA,5072.295
2021,Dec,WV,5072.295
2021,Dec,AR,5072.295
2021,Dec,LA,5072.295
2021,Dec,TX,15216.885
2021,Dec,OK,15216.885
2021,Dec,NM,15216.885
2021,Dec,AZ,15216.885
2021,Dec,NY,15094.69888888889
2021,Dec,NJ,15094.69888888889
2021,Dec,PA,15094.69888888889
2021,Dec,MA,15094.69888888889
2021,Dec,CT,15094.69888888889
2021,Dec,RI,15094.69888888889
2021,Dec,VT,15094.69888888889
2021,Dec,NH,15094.69888888889
2021,Dec,ME,15094.69888888889
2021,Dec,CA,5786.038181818181
2021,Dec,WA,5786.038181818181
2021,Dec,OR,5786.038181818181
2021,Dec,NV,5786.038181818181
2021,Dec,CO,5786.038181818181
2021,Dec,UT,5786.038181818181
2021,Dec,ID,5786.038181818181
2021,Dec,MT,5786.038181818181
2021,Dec,WY,5786.038181818181
2021,Dec,AK,5786.038181818181
2021,Dec,HI,5786.038181818181
2021,Dec,TX,15911.605
2021,Dec,OK,15911.605
2021,Dec,NM,15911.605
2021,Dec,AZ,15911.605
2022,Jan,IL,10634.749166666666
2022,Jan,OH,10634.749166666666
2022,Jan,MI,10634.749166666666
2022,Jan,IN,10634.749166666666
2022,Jan,WI,10634.749166666666
2022,Jan,MN,10634.749166666666
2022,Jan,IA,10634.749166666666
2022,Jan,MO,10634.749166666666
2022,Jan,ND,10634.749166666666
2022,Jan,SD,10634.749166666666
2022,Jan,KS,10634.749166666666
2022,Jan,NE,10634.749166666666
2022,Jan,FL,6025.090833333333
2022,Jan,GA,6025.090833333333
2022,Jan,NC,6025.090833333333
2022,Jan,SC,6025.090833333333
2022,Jan,AL,6025.090833333333
2022,Jan,MS,6025.090833333333
2022,Jan,TN,6025.090833333333
2022,Jan,KY,6025.090833333333
2022,Jan,VA,6025.090833333333
2022,Jan,WV,6025.090833333333
2022,Jan,AR,6025.090833333333
2022,Jan,LA,6025.090833333333
2022,Jan,TX,18075.2725
2022,Jan,OK,18075.2725
2022,Jan,NM,18075.2725
2022,Jan,AZ,18075.2725
2022,Jan,NY,12427.133333333333
2022,Jan,NJ,12427.133333333333
2022,Jan,PA,12427.133333333333
2022,Jan,MA,12427.133333333333
2022,Jan,CT,12427.133333333333
2022,Jan,RI,12427.133333333333
2022,Jan,VT,12427.133333333333
2022,Jan,NH,12427.133333333333
2022,Jan,ME,12427.133333333333
2022,Jan,CA,4961.031818181818
2022,Jan,WA,4961.031818181818
2022,Jan,OR,4961.031818181818
2022,Jan,NV,4961.031818181818
2022,Jan,CO,4961.031818181818
2022,Jan,UT,4961.031818181818
2022,Jan,ID,4961.031818181818
2022,Jan,MT,4961.031818181818
2022,Jan,WY,4961.031818181818
2022,Jan,AK,4961.031818181818
2022,Jan,HI,4961.031818181818
2022,Jan,TX,13642.8375
2022,Jan,OK,13642.8375
2022,Jan,NM,13642.8375
2022,Jan,AZ,13642.8375
2022,Feb,IL,10123.355
2022,Feb,OH,10123.355
2022,Feb,MI,10123.355
2022,Feb,IN,10123.355
2022,Feb,WI,10123.355
2022,Feb,MN,10123.355
2022,Feb,IA,10123.355
2022,Feb,MO,10123.355
2022,Feb,ND,10123.355
2022,Feb,SD,10123.355
2022,Feb,KS,10123.355
2022,Feb,NE,10123.355
2022,Feb,FL,4300.4920833333335
2022,Feb,GA,4300.4920833333335
2022,Feb,NC,4300.4920833333335
2022,Feb,SC,4300.4920833333335
2022,Feb,AL,4300.4920833333335
2022,Feb,MS,4300.4920833333335
2022,Feb,TN,4300.4920833333335
2022,Feb,KY,4300.4920833333335
2022,Feb,VA,4300.4920833333335
2022,Feb,WV,4300.4920833333335
2022,Feb,AR,4300.4920833333335
2022,Feb,LA,4300.4920833333335
2022,Feb,TX,12901.47625
2022,Feb,OK,12901.47625
2022,Feb,NM,12901.47625
2022,Feb,AZ,12901.47625
2022,Feb,NY,13291.703333333333
2022,Feb,NJ,13291.703333333333
2022,Feb,PA,13291.703333333333
2022,Feb,MA,13291.703333333333
2022,Feb,CT,13291.703333333333
2022,Feb,RI,13291.703333333333
2022,Feb,VT,13291.703333333333
2022,Feb,NH,13291.703333333333
2022,Feb,ME,13291.703333333333
2022,Feb,CA,6065.501818181819
2022,Feb,WA,6065.501818181819
2022,Feb,OR,6065.501818181819
2022,Feb,NV,6065.501818181819
2022,Feb,CO,6065.501818181819
2022,Feb,UT,6065.501818181819
2022,Feb,ID,6065.501818181819
2022,Feb,MT,6065.501818181819
2022,Feb,WY,6065.501818181819
2022,Feb,AK,6065.501818181819
2022,Feb,HI,6065.501818181819
2022,Feb,TX,16680.13
2022,Feb,OK,16680.13
2022,Feb,NM,16680.13
2022,Feb,AZ,16680.13
2022,Mar,IL,10121.520833333334
2022,Mar,OH,10121.520833333334
2022,Mar,MI,10121.520833333334
2022,Mar,IN,10121.520833333334
2022,Mar,WI,10121.520833333334
2022,Mar,MN,10121.520833333334
2022,Mar,IA,10121.520833333334
2022,Mar,MO,10121.520833333334
2022,Mar,ND,10121.520833333334
2022,Mar,SD,10121.520833333334
2022,Mar,KS,10121.520833333334
2022,Mar,NE,10121.520833333334
2022,Mar,FL,5528.6575
2022,Mar,GA,5528.6575
2022,Mar,NC,5528.6575
2022,Mar,SC,5528.6575
2022,Mar,AL,5528.6575
2022,Mar,MS,5528.6575
2022,Mar,TN,5528.6575
2022,Mar,KY,5528.6575
2022,Mar,VA,5528.6575
2022,Mar,WV,5528.6575
2022,Mar,AR,5528.6575
2022,Mar,LA,5528.6575
2022,Mar,TX,16585.9725
2022,Mar,OK,16585.9725
2022,Mar,NM,16585.9725
2022,Mar,AZ,16585.9725
2022,Mar,NY,14632.314444444442
2022,Mar,NJ,14632.314444444442
2022,Mar,PA,14632.314444444442
2022,Mar,MA,14632.314444444442
2022,Mar,CT,14632.314444444442
2022,Mar,RI,14632.314444444442
2022,Mar,VT,14632.314444444442
2022,Mar,NH,14632.314444444442
2022,Mar,ME,14632.314444444442
2022,Mar,CA,6678.756818181818
2022,Mar,WA,6678.756818181818
2022,Mar,OR,6678.756818181818
2022,Mar,NV,6678.756818181818
2022,Mar,CO,6678.756818181818
2022,Mar,UT,6678.756818181818
2022,Mar,ID,6678.756818181818
2022,Mar,MT,6678.756818181818
2022,Mar,WY,6678.756818181818
2022,Mar,AK,6678.756818181818
2022,Mar,HI,6678.756818181818
2022,Mar,TX,18366.58125
2022,Mar,OK,18366.58125
2022,Mar,NM,18366.58125
2022,Mar,AZ,18366.58125
2022,Apr,IL,10479.656666666668
2022,Apr,OH,10479.656666666668
2022,Apr,MI,10479.656666666668
2022,Apr,IN,10479.656666666668
2022,Apr,WI,10479.656666666668
2022,Apr,MN,10479.656666666668
2022,Apr,IA,10479.656666666668
2022,Apr,MO,10479.656666666668
2022,Apr,ND,10479.656666666668
2022,Apr,SD,10479.656666666668
2022,Apr,KS,10479.656666666668
2022,Apr,NE,10479.656666666668
2022,Apr,FL,4039.472916666667
2022,Apr,GA,4039.472916666667
2022,Apr,NC,4039.472916666667
2022,Apr,SC,4039.472916666667
2022,Apr,AL,4039.472916666667
2022,Apr,MS,4039.472916666667
2022,Apr,TN,4039.472916666667
2022,Apr,KY,4039.472916666667
2022,Apr,VA,4039.472916666667
2022,Apr,WV,4039.472916666667
2022,Apr,AR,4039.472916666667
2022,Apr,LA,4039.472916666667
2022,Apr,TX,12118.41875
2022,Apr,OK,12118.41875
2022,Apr,NM,12118.41875
2022,Apr,AZ,12118.41875
2022,Apr,NY,11195.963333333333
2022,Apr,NJ,11195.963333333333
2022,Apr,PA,11195.963333333333
2022,Apr,MA,11195.963333333333
2022,Apr,CT,11195.963333333333
2022,Apr,RI,11195.963333333333
2022,Apr,VT,11195.963333333333
2022,Apr,NH,11195.963333333333
2022,Apr,ME,11195.963333333333
2022,Apr,CA,6939.998181818181
2022,Apr,WA,6939.998181818181
2022,Apr,OR,6939.998181818181
2022,Apr,NV,6939.998181818181
2022,Apr,CO,6939.998181818181
2022,Apr,UT,6939.998181818181
2022,Apr,ID,6939.998181818181
2022,Apr,MT,6939.998181818181
2022,Apr,WY,6939.998181818181
2022,Apr,AK,6939.998181818181
2022,Apr,HI,6939.998181818181
2022,Apr,TX,19084.995
2022,Apr,OK,19084.995
2022,Apr,NM,19084.995
2022,Apr,AZ,19084.995
2022,May,IL,11491.575833333334
2022,May,OH,11491.575833333334
2022,May,MI,11491.575833333334
2022,May,IN,11491.575833333334
2022,May,WI,11491.575833333334
2022,May,MN,11491.575833333334
2022,May,IA,11491.575833333334
2022,May,MO,11491.575833333334
2022,May,ND,11491.575833333334
2022,May,SD,11491.575833333334
2022,May,KS,11491.575833333334
2022,May,NE,11491.575833333334
2022,May,FL,5084.93625
2022,May,GA,5084.93625
2022,May,NC,5084.93625
2022,May,SC,5084.93625
2022,May,AL,5084.93625
2022,May,MS,5084.93625
2022,May,TN,5084.93625
2022,May,KY,5084.93625
2022,May,VA,5084.93625
2022,May,WV,5084.93625
2022,May,AR,5084.93625
2022,May,LA,5084.93625
2022,May,TX,15254.80875
2022,May,OK,15254.80875
2022,May,NM,15254.80875
2022,May,AZ,15254.80875
2022,May,NY,11827.89
2022,May,NJ,11827.89
2022,May,PA,11827.89
2022,May,MA,11827.89
2022,May,CT,11827.89
2022,May,RI,11827.89
2022,May,VT,11827.89
2022,May,NH,11827.89
2022,May,ME,11827.89
2022,May,CA,6006.985454545455
2022,May,WA,6006.985454545455
2022,May,OR,6006.985454545455
2022,May,NV,6006.985454545455
2022,May,CO,6006.985454545455
2022,May,UT,6006.985454545455
2022,May,ID,6006.985454545455
2022,May,MT,6006.985454545455
2022,May,WY,6006.985454545455
2022,May,AK,6006.985454545455
2022,May,HI,6006.985454545455
2022,May,TX,16519.21
2022,May,OK,16519.21
2022,May,NM,16519.21
2022,May,AZ,16519.21
2022,Jun,IL,10234.028333333334
2022,Jun,OH,10234.028333333334
2022,Jun,MI,10234.028333333334
2022,Jun,IN,10234.028333333334
2022,Jun,WI,10234.028333333334
2022,Jun,MN,10234.028333333334
2022,Jun,IA,10234.028333333334
2022,Jun,MO,10234.028333333334
2022,Jun,ND,10234.028333333334
2022,Jun,SD,10234.028333333334
2022,Jun,KS,10234.028333333334
2022,Jun,NE,10234.028333333334
2022,Jun,FL,4828.224999999999
2022,Jun,GA,4828.224999999999
2022,Jun,NC,4828.224999999999
2022,Jun,SC,4828.224999999999
2022,Jun,AL,4828.224999999999
2022,Jun,MS,4828.224999999999
2022,Jun,TN,4828.224999999999
2022,Jun,KY,4828.224999999999
2022,Jun,VA,4828.224999999999
2022,Jun,WV,4828.224999999999
2022,Jun,AR,4828.224999999999
2022,Jun,LA,4828.224999999999
2022,Jun,TX,14484.675
2022,Jun,OK,14484.675
2022,Jun,NM,14484.675
2022,Jun,AZ,14484.675
2022,Jun,NY,12407.243333333334
2022,Jun,NJ,12407.243333333334
2022,Jun,PA,12407.243333333334
2022,Jun,MA,12407.243333333334
2022,Jun,CT,12407.243333333334
2022,Jun,RI,12407.243333333334
2022,Jun,VT,12407.243333333334
2022,Jun,NH,12407.243333333334
2022,Jun,ME,12407.243333333334
2022,Jun,CA,5324.044090909091
2022,Jun,WA,5324.044090909091
2022,Jun,OR,5324.044090909091
2022,Jun,NV,5324.044090909091
2022,Jun,CO,5324.044090909091
2022,Jun,UT,5324.044090909091
2022,Jun,ID,5324.044090909091
2022,Jun,MT,5324.044090909091
2022,Jun,WY,5324.044090909091
2022,Jun,AK,5324.044090909091
2022,Jun,HI,5324.044090909091
2022,Jun,TX,14641.12125
2022,Jun,OK,14641.12125
2022,Jun,NM,14641.12125
2022,Jun,AZ,14641.12125
2022,Jul,IL,8143.46
2022,Jul,OH,8143.46
2022,Jul,MI,8143.46
2022,Jul,IN,8143.46
2022,Jul,WI,8143.46
2022,Jul,MN,8143.46
2022,Jul,IA,8143.46
2022,Jul,MO,8143.46
2022,Jul,ND,8143.46
2022,Jul,SD,8143.46
2022,Jul,KS,8143.46
2022,Jul,NE,8143.46
2022,Jul,FL,5686.275416666666
2022,Jul,GA,5686.275416666666
2022,Jul,NC,5686.275416666666
2022,Jul,SC,5686.275416666666
2022,Jul,AL,5686.275416666666
2022,Jul,MS,5686.275416666666
2022,Jul,TN,5686.275416666666
2022,Jul,KY,5686.275416666666
2022,Jul,VA,5686.275416666666
2022,Jul,WV,5686.275416666666
2022,Jul,AR,5686.275416666666
2022,Jul,LA,5686.275416666666
2022,Jul,TX,17058.82625
2022,Jul,OK,17058.82625
2022,Jul,NM,17058.82625
2022,Jul,AZ,17058.82625
2022,Jul,NY,13641.677777777779
2022,Jul,NJ,13641.677777777779
2022,Jul,PA,13641.677777777779
2022,Jul,MA,13641.677777777779
2022,Jul,CT,13641.677777777779
2022,Jul,RI,13641.677777777779
2022,Jul,VT,13641.677777777779
2022,Jul,NH,13641.677777777779
2022,Jul,ME,13641.677777777779
2022,Jul,CA,4890.401363636363
2022,Jul,WA,4890.401363636363
2022,Jul,OR,4890.401363636363
2022,Jul,NV,4890.401363636363
2022,Jul,CO,4890.401363636363
2022,Jul,UT,4890.401363636363
2022,Jul,ID,4890.401363636363
2022,Jul,MT,4890.401363636363
2022,Jul,WY,4890.401363636363
2022,Jul,AK,4890.401363636363
2022,Jul,HI,4890.401363636363
2022,Jul,TX,13448.60375
2022,Jul,OK,13448.60375
2022,Jul,NM,13448.60375
2022,Jul,AZ,13448.60375
2022,Aug,IL,8186.577499999999
2022,Aug,OH,8186.577499999999
2022,Aug,MI,8186.577499999999
2022,Aug,IN,8186.577499999999
2022,Aug,WI,8186.577499999999
2022,Aug,MN,8186.577499999999
2022,Aug,IA,8186.577499999999
2022,Aug,MO,8186.577499999999
2022,Aug,ND,8186.577499999999
2022,Aug,SD,8186.577499999999
2022,Aug,KS,8186.577499999999
2022,Aug,NE,8186.577499999999
2022,Aug,FL,5215.0737500000005
2022,Aug,GA,5215.0737500000005
2022,Aug,NC,5215.0737500000005
2022,Aug,SC,5215.0737500000005
2022,Aug,AL,5215.0737500000005
2022,Aug,MS,5215.0737500000005
2022,Aug,TN,5215.0737500000005
2022,Aug,KY,5215.0737500000005
2022,Aug,VA,5215.0737500000005
2022,Aug,WV,5215.0737500000005
2022,Aug,AR,5215.0737500000005
2022,Aug,LA,5215.0737500000005
2022,Aug,TX,15645.22125
2022,Aug,OK,15645.22125
2022,Aug,NM,15645.22125
2022,Aug,AZ,15645.22125
2022,Aug,NY,14904.039999999999
2022,Aug,NJ,14904.039999999999
2022,Aug,PA,14904.039999999999
2022,Aug,MA,14904.039999999999
2022,Aug,CT,14904.039999999999
2022,Aug,RI,14904.039999999999
2022,Aug,VT,14904.039999999999
2022,Aug,NH,14904.039999999999
2022,Aug,ME,14904.039999999999
2022,Aug,CA,4206.553181818182
2022,Aug,WA,4206.553181818182
2022,Aug,OR,4206.553181818182
2022,Aug,NV,4206.553181818182
2022,Aug,CO,4206.553181818182
2022,Aug,UT,4206.553181818182
2022,Aug,ID,4206.553181818182
2022,Aug,MT,4206.553181818182
2022,Aug,WY,4206.553181818182
2022,Aug,AK,4206.553181818182
2022,Aug,HI,4206.553181818182
2022,Aug,TX,11568.02125
2022,Aug,OK,11568.02125
2022,Aug,NM,11568.02125
2022,Aug,AZ,11568.02125
2022,Sep,IL,10118.601666666667
2022,Sep,OH,10118.601666666667
2022,Sep,MI,10118.601666666667
2022,Sep,IN,10118.601666666667
2022,Sep,WI,10118.601666666667
2022,Sep,MN,10118.601666666667
2022,Sep,IA,10118.601666666667
2022,Sep,MO,10118.601666666667
2022,Sep,ND,10118.601666666667
2022,Sep,SD,10118.601666666667
2022,Sep,KS,10118.601666666667
2022,Sep,NE,10118.601666666667
2022,Sep,FL,5067.5925
2022,Sep,GA,5067.5925
2022,Sep,NC,5067.5925
2022,Sep,SC,5067.5925
2022,Sep,AL,5067.5925
2022,Sep,MS,5067.5925
2022,Sep,TN,5067.5925
2022,Sep,KY,5067.5925
2022,Sep,VA,5067.5925
2022,Sep,WV,5067.5925
2022,Sep,AR,5067.5925
2022,Sep,LA,5067.5925
2022,Sep,TX,15202.7775
2022,Sep,OK,15202.7775
2022,Sep,NM,15202.7775
2022,Sep,AZ,15202.7775
2022,Sep,NY,12469.771111111111
2022,Sep,NJ,12469.771111111111
2022,Sep,PA,12469.771111111111
2022,Sep,MA,12469.771111111111
2022,Sep,CT,12469.771111111111
2022,Sep,RI,12469.771111111111
2022,Sep,VT,12469.771111111111
2022,Sep,NH,12469.771111111111
2022,Sep,ME,12469.771111111111
2022,Sep,CA,4667.044090909091
2022,Sep,WA,4667.044090909091
2022,Sep,OR,4667.044090909091
2022,Sep,NV,4667.044090909091
2022,Sep,CO,4667.044090909091
2022,Sep,UT,4667.044090909091
2022,Sep,ID,4667.044090909091
2022,Sep,MT,4667.044090909091
2022,Sep,WY,4667.044090909091
2022,Sep,AK,4667.044090909091
2022,Sep,HI,4667.044090909091
2022,Sep,TX,12834.37125
2022,Sep,OK,12834.37125
2022,Sep,NM,12834.37125
2022,Sep,AZ,12834.37125
2022,Oct,IL,9862.068333333335
2022,Oct,OH,9862.068333333335
2022,Oct,MI,9862.068333333335
2022,Oct,IN,9862.068333333335
2022,Oct,WI,9862.068333333335
2022,Oct,MN,9862.068333333335
2022,Oct,IA,9862.068333333335
2022,Oct,MO,9862.068333333335
2022,Oct,ND,9862.068333333335
2022,Oct,SD,9862.068333333335
2022,Oct,KS,9862.068333333335
2022,Oct,NE,9862.068333333335
2022,Oct,FL,5778.993750000001
2022,Oct,GA,5778.993750000001
2022,Oct,NC,5778.993750000001
2022,Oct,SC,5778.993750000001
2022,Oct,AL,5778.993750000001
2022,Oct,MS,5778.993750000001
2022,Oct,TN,5778.993750000001
2022,Oct,KY,5778.993750000001
2022,Oct,VA,5778.993750000001
2022,Oct,WV,5778.993750000001
2022,Oct,AR,5778.993750000001
2022,Oct,LA,5778.993750000001
2022,Oct,TX,17336.98125
2022,Oct,OK,17336.98125
2022,Oct,NM,17336.98125
2022,Oct,AZ,17336.98125
2022,Oct,NY,16750.258888888886
2022,Oct,NJ,16750.258888888886
2022,Oct,PA,16750.258888888886
2022,Oct,MA,16750.258888888886
2022,Oct,CT,16750.258888888886
2022,Oct,RI,16750.258888888886
2022,Oct,VT,16750.258888888886
2022,Oct,NH,16750.258888888886
2022,Oct,ME,16750.258888888886
2022,Oct,CA,7196.595
2022,Oct,WA,7196.595
2022,Oct,OR,7196.595
2022,Oct,NV,7196.595
2022,Oct,CO,7196.595
2022,Oct,UT,7196.595
2022,Oct,ID,7196.595
2022,Oct,MT,7196.595
2022,Oct,WY,7196.595
2022,Oct,AK,7196.595
2022,Oct,HI,7196.595
2022,Oct,TX,19790.63625
2022,Oct,OK,19790.63625
2022,Oct,NM,19790.63625
2022,Oct,AZ,19790.63625
2022,Nov,IL,10946.256666666666
2022,Nov,OH,10946.256666666666
2022,Nov,MI,10946.256666666666
2022,Nov,IN,10946.256666666666
2022,Nov,WI,10946.256666666666
2022,Nov,MN,10946.256666666666
2022,Nov,IA,10946.256666666666
2022,Nov,MO,10946.256666666666
2022,Nov,ND,10946.256666666666
2022,Nov,SD,10946.256666666666
2022,Nov,KS,10946.256666666666
2022,Nov,NE,10946.256666666666
2022,Nov,FL,4725.114166666667
2022,Nov,GA,4725.114166666667
2022,Nov,NC,4725.114166666667
2022,Nov,SC,4725.114166666667
2022,Nov,AL,4725.114166666667
2022,Nov,MS,4725.114166666667
2022,Nov,TN,4725.114166666667
2022,Nov,KY,4725.114166666667
2022,Nov,VA,4725.114166666667
2022,Nov,WV,4725.114166666667
2022,Nov,AR,4725.114166666667
2022,Nov,LA,4725.114166666667
2022,Nov,TX,14175.3425
2022,Nov,OK,14175.3425
2022,Nov,NM,14175.3425
2022,Nov,AZ,14175.3425
2022,Nov,NY,15180.577777777778
2022,Nov,NJ,15180.577777777778
2022,Nov,PA,15180.577777777778
2022,Nov,MA,15180.577777777778
2022,Nov,CT,15180.577777777778
2022,Nov,RI,15180.577777777778
2022,Nov,VT,15180.577777777778
2022,Nov,NH,15180.577777777778
2022,Nov,ME,15180.577777777778
2022,Nov,CA,5748.201818181818
2022,Nov,WA,5748.201818181818
2022,Nov,OR,5748.201818181818
2022,Nov,NV,5748.201818181818
2022,Nov,CO,5748.201818181818
2022,Nov,UT,5748.201818181818
2022,Nov,ID,5748.201818181818
2022,Nov,MT,5748.201818181818
2022,Nov,WY,5748.201818181818
2022,Nov,AK,5748.201818181818
2022,Nov,HI,5748.201818181818
2022,Nov,TX,15807.555
2022,Nov,OK,15807.555
2022,Nov,NM,15807.555
2022,Nov,AZ,15807.555
2022,Dec,IL,11960.085833333333
2022,Dec,OH,11960.085833333333
2022,Dec,MI,11960.085833333333
2022,Dec,IN,11960.085833333333
2022,Dec,WI,11960.085833333333
2022,Dec,MN,11960.085833333333
2022,Dec,IA,11960.085833333333
2022,Dec,MO,11960.085833333333
2022,Dec,ND,11960.085833333333
2022,Dec,SD,11960.085833333333
2022,Dec,KS,11960.085833333333
2022,Dec,NE,11960.085833333333
2022,Dec,FL,6249.541249999999
2022,Dec,GA,6249.541249999999
2022,Dec,NC,6249.541249999999
2022,Dec,SC,6249.541249999999
2022,Dec,AL,6249.541249999999
2022,Dec,MS,6249.541249999999
2022,Dec,TN,6249.541249999999
2022,Dec,KY,6249.541249999999
2022,Dec,VA,6249.541249999999
2022,Dec,WV,6249.541249999999
2022,Dec,AR,6249.541249999999
2022,Dec,LA,6249.541249999999
2022,Dec,TX,18748.62375
2022,Dec,OK,18748.62375
2022,Dec,NM,18748.62375
2022,Dec,AZ,18748.62375
2022,Dec,NY,12388.376666666667
2022,Dec,NJ,12388.376666666667
2022,Dec,PA,12388.376666666667
2022,Dec,MA,12388.376666666667
2022,Dec,CT,12388.376666666667
2022,Dec,RI,12388.376666666667
2022,Dec,VT,12388.376666666667
2022,Dec,NH,12388.376666666667
2022,Dec,ME,12388.376666666667
2022,Dec,CA,5566.265
2022,Dec,WA,5566.265
2022,Dec,OR,5566.265
2022,Dec,NV,5566.265
2022,Dec,CO,5566.265
2022,Dec,UT,5566.265
2022,Dec,ID,5566.265
2022,Dec,MT,5566.265
2022,Dec,WY,5566.265
2022,Dec,AK,5566.265
2022,Dec,HI,5566.265
2022,Dec,TX,15307.22875
2022,Dec,OK,15307.22875
2022,Dec,NM,15307.22875
2022,Dec,AZ,15307.22875
2023,Jan,IL,12000.080833333333
2023,Jan,OH,12000.080833333333
2023,Jan,MI,12000.080833333333
2023,Jan,IN,12000.080833333333
2023,Jan,WI,12000.080833333333
2023,Jan,MN,12000.080833333333
2023,Jan,IA,12000.080833333333
2023,Jan,MO,12000.080833333333
2023,Jan,ND,12000.080833333333
2023,Jan,SD,12000.080833333333
2023,Jan,KS,12000.080833333333
2023,Jan,NE,12000.080833333333
2023,Jan,FL,4633.202916666666
2023,Jan,GA,4633.202916666666
2023,Jan,NC,4633.202916666666
2023,Jan,SC,4633.202916666666
2023,Jan,AL,4633.202916666666
2023,Jan,MS,4633.202916666666
2023,Jan,TN,4633.202916666666
2023,Jan,KY,4633.202916666666
2023,Jan,VA,4633.202916666666
2023,Jan,WV,4633.202916666666
2023,Jan,AR,4633.202916666666
2023,Jan,LA,4633.202916666666
2023,Jan,TX,13899.60875
2023,Jan,OK,13899.60875
2023,Jan,NM,13899.60875
2023,Jan,AZ,13899.60875
2023,Jan,NY,8664.666666666666
2023,Jan,NJ,8664.666666666666
2023,Jan,PA,8664.666666666666
2023,Jan,MA,8664.666666666666
2023,Jan,CT,8664.666666666666
2023,Jan,RI,8664.666666666666
2023,Jan,VT,8664.666666666666
2023,Jan,NH,8664.666666666666
2023,Jan,ME,8664.666666666666
2023,Jan,CA,4144.273636363637
2023,Jan,WA,4144.273636363637
2023,Jan,OR,4144.273636363637
2023,Jan,NV,4144.273636363637
2023,Jan,CO,4144.273636363637
2023,Jan,UT,4144.273636363637
2023,Jan,ID,4144.273636363637
2023,Jan,MT,4144.273636363637
2023,Jan,WY,4144.273636363637
2023,Jan,AK,4144.273636363637
2023,Jan,HI,4144.273636363637
2023,Jan,TX,11396.7525
2023,Jan,OK,11396.7525
2023,Jan,NM,11396.7525
2023,Jan,AZ,11396.7525
2023,Feb,IL,10067.9625
2023,Feb,OH,10067.9625
2023,Feb,MI,10067.9625
2023,Feb,IN,10067.9625
2023,Feb,WI,10067.9625
2023,Feb,MN,10067.9625
2023,Feb,IA,10067.9625
2023,Feb,MO,10067.9625
2023,Feb,ND,10067.9625
2023,Feb,SD,10067.9625
2023,Feb,KS,10067.9625
2023,Feb,NE,10067.9625
2023,Feb,FL,5463.749166666667
2023,Feb,GA,5463.749166666667
2023,Feb,NC,5463.749166666667
2023,Feb,SC,5463.749166666667
2023,Feb,AL,5463.749166666667
2023,Feb,MS,5463.749166666667
2023,Feb,TN,5463.749166666667
2023,Feb,KY,5463.749166666667
2023,Feb,VA,5463.749166666667
2023,Feb,WV,5463.749166666667
2023,Feb,AR,5463.749166666667
2023,Feb,LA,5463.749166666667
2023,Feb,TX,16391.2475
2023,Feb,OK,16391.2475
2023,Feb,NM,16391.2475
2023,Feb,AZ,16391.2475
2023,Feb,NY,12150.58111111111
2023,Feb,NJ,12150.58111111111
2023,Feb,PA,12150.58111111111
2023,Feb,MA,12150.58111111111
2023,Feb,CT,12150.58111111111
2023,Feb,RI,12150.58111111111
2023,Feb,VT,12150.58111111111
2023,Feb,NH,12150.58111111111
2023,Feb,ME,12150.58111111111
2023,Feb,CA,4327.359090909091
2023,Feb,WA,4327.359090909091
2023,Feb,OR,4327.359090909091
2023,Feb,NV,4327.359090909091
2023,Feb,CO,4327.359090909091
2023,Feb,UT,4327.359090909091
2023,Feb,ID,4327.359090909091
2023,Feb,MT,4327.359090909091
2023,Feb,WY,4327.359090909091
2023,Feb,AK,4327.359090909091
2023,Feb,HI,4327.359090909091
2023,Feb,TX,11900.2375
2023,Feb,OK,11900.2375
2023,Feb,NM,11900.2375
2023,Feb,AZ,11900.2375
2023,Mar,IL,7607.531666666667
2023,Mar,OH,7607.531666666667
2023,Mar,MI,7607.531666666667
2023,Mar,IN,7607.531666666667
2023,Mar,WI,7607.531666666667
2023,Mar,MN,7607.531666666667
2023,Mar,IA,7607.531666666667
2023,Mar,MO,7607.531666666667
2023,Mar,ND,7607.531666666667
2023,Mar,SD,7607.531666666667
2023,Mar,KS,7607.531666666667
2023,Mar,NE,7607.531666666667
2023,Mar,FL,5675.590833333333
2023,Mar,GA,5675.590833333333
2023,Mar,NC,5675.590833333333
2023,Mar,SC,5675.590833333333
2023,Mar,AL,5675.590833333333
2023,Mar,MS,5675.590833333333
2023,Mar,TN,5675.590833333333
2023,Mar,KY,5675.590833333333
2023,Mar,VA,5675.590833333333
2023,Mar,WV,5675.590833333333
2023,Mar,AR,5675.590833333333
2023,Mar,LA,5675.590833333333
2023,Mar,TX,17026.7725
2023,Mar,OK,17026.7725
2023,Mar,NM,17026.7725
2023,Mar,AZ,17026.7725
2023,Mar,NY,14902.621111111112
2023,Mar,NJ,14902.621111111112
2023,Mar,PA,14902.621111111112
2023,Mar,MA,14902.621111111112
2023,Mar,CT,14902.621111111112
2023,Mar,RI,14902.621111111112
2023,Mar,VT,14902.621111111112
2023,Mar,NH,14902.621111111112
2023,Mar,ME,14902.621111111112
2023,Mar,CA,5723.4686363636365
2023,Mar,WA,5723.4686363636365
2023,Mar,OR,5723.4686363636365
2023,Mar,NV,5723.4686363636365
2023,Mar,CO,5723.4686363636365
2023,Mar,UT,5723.4686363636365
2023,Mar,ID,5723.4686363636365
2023,Mar,MT,5723.4686363636365
2023,Mar,WY,5723.4686363636365
2023,Mar,AK,5723.4686363636365
2023,Mar,HI,5723.4686363636365
2023,Mar,TX,15739.53875
2023,Mar,OK,15739.53875
2023,Mar,NM,15739.53875
2023,Mar,AZ,15739.53875
2023,Apr,IL,10339.055833333334
2023,Apr,OH,10339.055833333334
2023,Apr,MI,10339.055833333334
2023,Apr,IN,10339.055833333334
2023,Apr,WI,10339.055833333334
2023,Apr,MN,10339.055833333334
2023,Apr,IA,10339.055833333334
2023,Apr,MO,10339.055833333334
2023,Apr,ND,10339.055833333334
2023,Apr,SD,10339.055833333334
2023,Apr,KS,10339.055833333334
2023,Apr,NE,10339.055833333334
2023,Apr,FL,4742.59625
2023,Apr,GA,4742.59625
2023,Apr,NC,4742.59625
2023,Apr,SC,4742.59625
2023,Apr,AL,4742.59625
2023,Apr,MS,4742.59625
2023,Apr,TN,4742.59625
2023,Apr,KY,4742.59625
2023,Apr,VA,4742.59625
2023,Apr,WV,4742.59625
2023,Apr,AR,4742.59625
2023,Apr,LA,4742.59625
2023,Apr,TX,14227.78875
2023,Apr,OK,14227.78875
2023,Apr,NM,14227.78875
2023,Apr,AZ,14227.78875
2023,Apr,NY,12572.74
2023,Apr,NJ,12572.74
2023,Apr,PA,12572.74
2023,Apr,MA,12572.74
2023,Apr,CT,12572.74
2023,Apr,RI,12572.74
2023,Apr,VT,12572.74
2023,Apr,NH,12572.74
2023,Apr,ME,12572.74
2023,Apr,CA,5615.167272727273
2023,Apr,WA,5615.167272727273
2023,Apr,OR,5615.167272727273
2023,Apr,NV,5615.167272727273
2023,Apr,CO,5615.167272727273
2023,Apr,UT,5615.167272727273
2023,Apr,ID,5615.167272727273
2023,Apr,MT,5615.167272727273
2023,Apr,WY,5615.167272727273
2023,Apr,AK,5615.167272727273
2023,Apr,HI,5615.167272727273
2023,Apr,TX,15441.71
2023,Apr,OK,15441.71
2023,Apr,NM,15441.71
2023,Apr,AZ,15441.71
2023,May,IL,9444.093333333332
2023,May,OH,9444.093333333332
2023,May,MI,9444.093333333332
2023,May,IN,9444.093333333332
2023,May,WI,9444.093333333332
2023,May,MN,9444.093333333332
2023,May,IA,9444.093333333332
2023,May,MO,9444.093333333332
2023,May,ND,9444.093333333332
2023,May,SD,9444.093333333332
2023,May,KS,9444.093333333332
2023,May,NE,9444.093333333332
2023,May,FL,4343.214166666667
2023,May,GA,4343.214166666667
2023,May,NC,4343.214166666667
2023,May,SC,4343.214166666667
2023,May,AL,4343.214166666667
2023,May,MS,4343.214166666667
2023,May,TN,4343.214166666667
2023,May,KY,4343.214166666667
2023,May,VA,4343.214166666667
2023,May,WV,4343.214166666667
2023,May,AR,4343.214166666667
2023,May,LA,4343.214166666667
2023,May,TX,13029.6425
2023,May,OK,13029.6425
2023,May,NM,13029.6425
2023,May,AZ,13029.6425
2023,May,NY,10950.86888888889
2023,May,NJ,10950.86888888889
2023,May,PA,10950.86888888889
2023,May,MA,10950.86888888889
2023,May,CT,10950.86888888889
2023,May,RI,10950.86888888889
2023,May,VT,10950.86888888889
2023,May,NH,10950.86888888889
2023,May,ME,10950.86888888889
2023,May,CA,4791.808636363636
2023,May,WA,4791.808636363636
2023,May,OR,4791.808636363636
2023,May,NV,4791.808636363636
2023,May,CO,4791.808636363636
2023,May,UT,4791.808636363636
2023,May,ID,4791.808636363636
2023,May,MT,4791.808636363636
2023,May,WY,4791.808636363636
2023,May,AK,4791.808636363636
2023,May,HI,4791.808636363636
2023,May,TX,13177.47375
2023,May,OK,13177.47375
2023,May,NM,13177.47375
2023,May,AZ,13177.47375
2023,Jun,IL,8305.564166666667
2023,Jun,OH,8305.564166666667
2023,Jun,MI,8305.564166666667
2023,Jun,IN,8305.564166666667
2023,Jun,WI,8305.564166666667
2023,Jun,MN,8305.564166666667
2023,Jun,IA,8305.564166666667
2023,Jun,MO,8305.564166666667
2023,Jun,ND,8305.564166666667
2023,Jun,SD,8305.564166666667
2023,Jun,KS,8305.564166666667
2023,Jun,NE,8305.564166666667
2023,Jun,FL,5208.238333333334
2023,Jun,GA,5208.238333333334
2023,Jun,NC,5208.238333333334
2023,Jun,SC,5208.238333333334
2023,Jun,AL,5208.238333333334
2023,Jun,MS,5208.238333333334
2023,Jun,TN,5208.238333333334
2023,Jun,KY,5208.238333333334
2023,Jun,VA,5208.238333333334
2023,Jun,WV,5208.238333333334
2023,Jun,AR,5208.238333333334
2023,Jun,LA,5208.238333333334
2023,Jun,TX,15624.715
2023,Jun,OK,15624.715
2023,Jun,NM,15624.715
2023,Jun,AZ,15624.715
2023,Jun,NY,12160.772222222222
2023,Jun,NJ,12160.772222222222
2023,Jun,PA,12160.772222222222
2023,Jun,MA,12160.772222222222
2023,Jun,CT,12160.772222222222
2023,Jun,RI,12160.772222222222
2023,Jun,VT,12160.772222222222
2023,Jun,NH,12160.772222222222
2023,Jun,ME,12160.772222222222
2023,Jun,CA,5393.278181818182
2023,Jun,WA,5393.278181818182
2023,Jun,OR,5393.278181818182
2023,Jun,NV,5393.278181818182
2023,Jun,CO,5393.278181818182
2023,Jun,UT,5393.278181818182
2023,Jun,ID,5393.278181818182
2023,Jun,MT,5393.278181818182
2023,Jun,WY,5393.278181818182
2023,Jun,AK,5393.278181818182
2023,Jun,HI,5393.278181818182
2023,Jun,TX,14831.515
2023,Jun,OK,14831.515
2023,Jun,NM,14831.515
2023,Jun,AZ,14831.515
2023,Jul,IL,8609.8175
2023,Jul,OH,8609.8175
2023,Jul,MI,8609.8175
2023,Jul,IN,8609.8175
2023,Jul,WI,8609.8175
2023,Jul,MN,8609.8175
2023,Jul,IA,8609.8175
2023,Jul,MO,8609.8175
2023,Jul,ND,8609.8175
2023,Jul,SD,8609.8175
2023,Jul,KS,8609.8175
2023,Jul,NE,8609.8175
2023,Jul,FL,4720.829166666666
2023,Jul,GA,4720.829166666666
2023,Jul,NC,4720.829166666666
2023,Jul,SC,4720.829166666666
2023,Jul,AL,4720.829166666666
2023,Jul,MS,4720.829166666666
2023,Jul,TN,4720.829166666666
2023,Jul,KY,4720.829166666666
2023,Jul,VA,4720.829166666666
2023,Jul,WV,4720.829166666666
2023,Jul,AR,4720.829166666666
2023,Jul,LA,4720.829166666666
2023,Jul,TX,14162.4875
2023,Jul,OK,14162.4875
2023,Jul,NM,14162.4875
2023,Jul,AZ,14162.4875
2023,Jul,NY,14429.733333333334
2023,Jul,NJ,14429.733333333334
2023,Jul,PA,14429.733333333334
2023,Jul,MA,14429.733333333334
2023,Jul,CT,14429.733333333334
2023,Jul,RI,14429.733333333334
2023,Jul,VT,14429.733333333334
2023,Jul,NH,14429.733333333334
2023,Jul,ME,14429.733333333334
2023,Jul,CA,5866.586818181819
2023,Jul,WA,5866.586818181819
2023,Jul,OR,5866.586818181819
2023,Jul,NV,5866.586818181819
2023,Jul,CO,5866.586818181819
2023,Jul,UT,5866.586818181819
2023,Jul,ID,5866.586818181819
2023,Jul,MT,5866.586818181819
2023,Jul,WY,5866.586818181819
2023,Jul,AK,5866.586818181819
2023,Jul,HI,5866.586818181819
2023,Jul,TX,16133.11375
2023,Jul,OK,16133.11375
2023,Jul,NM,16133.11375
2023,Jul,AZ,16133.11375
2023,Aug,IL,8298.44
2023,Aug,OH,8298.44
2023,Aug,MI,8298.44
2023,Aug,IN,8298.44
2023,Aug,WI,8298.44
2023,Aug,MN,8298.44
2023,Aug,IA,8298.44
2023,Aug,MO,8298.44
2023,Aug,ND,8298.44
2023,Aug,SD,8298.44
2023,Aug,KS,8298.44
2023,Aug,NE,8298.44
2023,Aug,FL,4666.044166666667
2023,Aug,GA,4666.044166666667
2023,Aug,NC,4666.044166666667
2023,Aug,SC,4666.044166666667
2023,Aug,AL,4666.044166666667
2023,Aug,MS,4666.044166666667
2023,Aug,TN,4666.044166666667
2023,Aug,KY,4666.044166666667
2023,Aug,VA,4666.044166666667
2023,Aug,WV,4666.044166666667
2023,Aug,AR,4666.044166666667
2023,Aug,LA,4666.044166666667
2023,Aug,TX,13998.1325
2023,Aug,OK,13998.1325
2023,Aug,NM,13998.1325
2023,Aug,AZ,13998.1325
2023,Aug,NY,14026.19
2023,Aug,NJ,14026.19
2023,Aug,PA,14026.19
2023,Aug,MA,14026.19
2023,Aug,CT,14026.19
2023,Aug,RI,14026.19
2023,Aug,VT,14026.19
2023,Aug,NH,14026.19
2023,Aug,ME,14026.19
2023,Aug,CA,5083.850909090909
2023,Aug,WA,5083.850909090909
2023,Aug,OR,5083.850909090909
2023,Aug,NV,5083.850909090909
2023,Aug,CO,5083.850909090909
2023,Aug,UT,5083.850909090909
2023,Aug,ID,5083.850909090909
2023,Aug,MT,5083.850909090909
2023,Aug,WY,5083.850909090909
2023,Aug,AK,5083.850909090909
2023,Aug,HI,5083.850909090909
2023,Aug,TX,13980.59
2023,Aug,OK,13980.59
2023,Aug,NM,13980.59
2023,Aug,AZ,13980.59
2023,Sep,IL,9547.2525
2023,Sep,OH,9547.2525
2023,Sep,MI,9547.2525
2023,Sep,IN,9547.2525
2023,Sep,WI,9547.2525
2023,Sep,MN,9547.2525
2023,Sep,IA,9547.2525
2023,Sep,MO,9547.2525
2023,Sep,ND,9547.2525
2023,Sep,SD,9547.2525
2023,Sep,KS,9547.2525
2023,Sep,NE,9547.2525
2023,Sep,FL,5995.044166666667
2023,Sep,GA,5995.044166666667
2023,Sep,NC,5995.044166666667
2023,Sep,SC,5995.044166666667
2023,Sep,AL,5995.044166666667
2023,Sep,MS,5995.044166666667
2023,Sep,TN,5995.044166666667
2023,Sep,KY,5995.044166666667
2023,Sep,VA,5995.044166666667
2023,Sep,WV,5995.044166666667
2023,Sep,AR,5995.044166666667
2023,Sep,LA,5995.044166666667
2023,Sep,TX,17985.1325
2023,Sep,OK,17985.1325
2023,Sep,NM,17985.1325
2023,Sep,AZ,17985.1325
2023,Sep,NY,13970.987777777778
2023,Sep,NJ,13970.987777777778
2023,Sep,PA,13970.987777777778
2023,Sep,MA,13970.987777777778
2023,Sep,CT,13970.987777777778
2023,Sep,RI,13970.987777777778
2023,Sep,VT,13970.987777777778
2023,Sep,NH,13970.987777777778
2023,Sep,ME,13970.987777777778
2023,Sep,CA,6334.408181818182
2023,Sep,WA,6334.408181818182
2023,Sep,OR,6334.408181818182
2023,Sep,NV,6334.408181818182
2023,Sep,CO,6334.408181818182
2023,Sep,UT,6334.408181818182
2023,Sep,ID,6334.408181818182
2023,Sep,MT,6334.408181818182
2023,Sep,WY,6334.408181818182
2023,Sep,AK,6334.408181818182
2023,Sep,HI,6334.408181818182
2023,Sep,TX,17419.6225
2023,Sep,OK,17419.6225
2023,Sep,NM,17419.6225
2023,Sep,AZ,17419.6225
2023,Oct,IL,10325.570833333333
2023,Oct,OH,10325.570833333333
2023,Oct,MI,10325.570833333333
2023,Oct,IN,10325.570833333333
2023,Oct,WI,10325.570833333333
2023,Oct,MN,10325.570833333333
2023,Oct,IA,10325.570833333333
2023,Oct,MO,10325.570833333333
2023,Oct,ND,10325.570833333333
2023,Oct,SD,10325.570833333333
2023,Oct,KS,10325.570833333333
2023,Oct,NE,10325.570833333333
2023,Oct,FL,5626.8075
2023,Oct,GA,5626.8075
2023,Oct,NC,5626.8075
2023,Oct,SC,5626.8075
2023,Oct,AL,5626.8075
2023,Oct,MS,5626.8075
2023,Oct,TN,5626.8075
2023,Oct,KY,5626.8075
2023,Oct,VA,5626.8075
2023,Oct,WV,5626.8075
2023,Oct,AR,5626.8075
2023,Oct,LA,5626.8075
2023,Oct,TX,16880.4225
2023,Oct,OK,16880.4225
2023,Oct,NM,16880.4225
2023,Oct,AZ,16880.4225
2023,Oct,NY,14369.435555555556
2023,Oct,NJ,14369.435555555556
2023,Oct,PA,14369.435555555556
2023,Oct,MA,14369.435555555556
2023,Oct,CT,14369.435555555556
2023,Oct,RI,14369.435555555556
2023,Oct,VT,14369.435555555556
2023,Oct,NH,14369.435555555556
2023,Oct,ME,14369.435555555556
2023,Oct,CA,5267.850909090909
2023,Oct,WA,5267.850909090909
2023,Oct,OR,5267.850909090909
2023,Oct,NV,5267.850909090909
2023,Oct,CO,5267.850909090909
2023,Oct,UT,5267.850909090909
2023,Oct,ID,5267.850909090909
2023,Oct,MT,5267.850909090909
2023,Oct,WY,5267.850909090909
2023,Oct,AK,5267.850909090909
2023,Oct,HI,5267.850909090909
2023,Oct,TX,14486.59
2023,Oct,OK,14486.59
2023,Oct,NM,14486.59
2023,Oct,AZ,14486.59
2023,Nov,IL,11898.545
2023,Nov,OH,11898.545
2023,Nov,MI,11898.545
2023,Nov,IN,11898.545
2023,Nov,WI,11898.545
2023,Nov,MN,11898.545
2023,Nov,IA,11898.545
2023,Nov,MO,11898.545
2023,Nov,ND,11898.545
2023,Nov,SD,11898.545
2023,Nov,KS,11898.545
2023,Nov,NE,11898.545
2023,Nov,FL,4535.574583333333
2023,Nov,GA,4535.574583333333
2023,Nov,NC,4535.574583333333
2023,Nov,SC,4535.574583333333
2023,Nov,AL,4535.574583333333
2023,Nov,MS,4535.574583333333
2023,Nov,TN,4535.574583333333
2023,Nov,KY,4535.574583333333
2023,Nov,VA,4535.574583333333
2023,Nov,WV,4535.574583333333
2023,Nov,AR,4535.574583333333
2023,Nov,LA,4535.574583333333
2023,Nov,TX,13606.72375
2023,Nov,OK,13606.72375
2023,Nov,NM,13606.72375
2023,Nov,AZ,13606.72375
2023,Nov,NY,11605.162222222223
2023,Nov,NJ,11605.162222222223
2023,Nov,PA,11605.162222222223
2023,Nov,MA,11605.162222222223
2023,Nov,CT,11605.162222222223
2023,Nov,RI,11605.162222222223
2023,Nov,VT,11605.162222222223
2023,Nov,NH,11605.162222222223
2023,Nov,ME,11605.162222222223
2023,Nov,CA,5488.524090909091
2023,Nov,WA,5488.524090909091
2023,Nov,OR,5488.524090909091
2023,Nov,NV,5488.524090909091
2023,Nov,CO,5488.524090909091
2023,Nov,UT,5488.524090909091
2023,Nov,ID,5488.524090909091
2023,Nov,MT,5488.524090909091
2023,Nov,WY,5488.524090909091
2023,Nov,AK,5488.524090909091
2023,Nov,HI,5488.524090909091
2023,Nov,TX,15093.44125
2023,Nov,OK,15093.44125
2023,Nov,NM,15093.44125
2023,Nov,AZ,15093.44125
2023,Dec,IL,9143.910833333333
2023,Dec,OH,9143.910833333333
2023,Dec,MI,9143.910833333333
2023,Dec,IN,9143.910833333333
2023,Dec,WI,9143.910833333333
2023,Dec,MN,9143.910833333333
2023,Dec,IA,9143.910833333333
2023,Dec,MO,9143.910833333333
2023,Dec,ND,9143.910833333333
2023,Dec,SD,9143.910833333333
2023,Dec,KS,9143.910833333333
2023,Dec,NE,9143.910833333333
2023,Dec,FL,4480.0199999999995
2023,Dec,GA,4480.0199999999995
2023,Dec,NC,4480.0199999999995
2023,Dec,SC,4480.0199999999995
2023,Dec,AL,4480.0199999999995
2023,Dec,MS,4480.0199999999995
2023,Dec,TN,4480.0199999999995
2023,Dec,KY,4480.0199999999995
2023,Dec,VA,4480.0199999999995
2023,Dec,WV,4480.0199999999995
2023,Dec,AR,4480.0199999999995
2023,Dec,LA,4480.0199999999995
2023,Dec,TX,13440.06
2023,Dec,OK,13440.06
2023,Dec,NM,13440.06
2023,Dec,AZ,13440.06
2023,Dec,NY,14374.230000000001
2023,Dec,NJ,14374.230000000001
2023,Dec,PA,14374.230000000001
2023,Dec,MA,14374.230000000001
2023,Dec,CT,14374.230000000001
2023,Dec,RI,14374.230000000001
2023,Dec,VT,14374.230000000001
2023,Dec,NH,14374.230000000001
2023,Dec,ME,14374.230000000001
2023,Dec,CA,5073.993181818182
2023,Dec,WA,5073.993181818182
2023,Dec,OR,5073.993181818182
2023,Dec,NV,5073.993181818182
2023,Dec,CO,5073.993181818182
2023,Dec,UT,5073.993181818182
2023,Dec,ID,5073.993181818182
2023,Dec,MT,5073.993181818182
2023,Dec,WY,5073.993181818182
2023,Dec,AK,5073.993181818182
2023,Dec,HI,5073.993181818182
2023,Dec,TX,13953.48125
2023,Dec,OK,13953.48125
2023,Dec,NM,13953.48125
2023,Dec,AZ,13953.48125
2024,Jan,IL,8269.858333333334
2024,Jan,OH,8269.858333333334
2024,Jan,MI,8269.858333333334
2024,Jan,IN,8269.858333333334
2024,Jan,WI,8269.858333333334
2024,Jan,MN,8269.858333333334
2024,Jan,IA,8269.858333333334
2024,Jan,MO,8269.858333333334
2024,Jan,ND,8269.858333333334
2024,Jan,SD,8269.858333333334
2024,Jan,KS,8269.858333333334
2024,Jan,NE,8269.858333333334
2024,Jan,FL,4308.2525
2024,Jan,GA,4308.2525
2024,Jan,NC,4308.2525
2024,Jan,SC,4308.2525
2024,Jan,AL,4308.2525
2024,Jan,MS,4308.2525
2024,Jan,TN,4308.2525
2024,Jan,KY,4308.2525
2024,Jan,VA,4308.2525
2024,Jan,WV,4308.2525
2024,Jan,AR,4308.2525
2024,Jan,LA,4308.2525
2024,Jan,TX,12924.7575
2024,Jan,OK,12924.7575
2024,Jan,NM,12924.7575
2024,Jan,AZ,12924.7575
2024,Jan,NY,12960.99111111111
2024,Jan,NJ,12960.99111111111
2024,Jan,PA,12960.99111111111
2024,Jan,MA,12960.99111111111
2024,Jan,CT,12960.99111111111
2024,Jan,RI,12960.99111111111
2024,Jan,VT,12960.99111111111
2024,Jan,NH,12960.99111111111
2024,Jan,ME,12960.99111111111
2024,Jan,CA,5614.856363636363
2024,Jan,WA,5614.856363636363
2024,Jan,OR,5614.856363636363
2024,Jan,NV,5614.856363636363
2024,Jan,CO,5614.856363636363
2024,Jan,UT,5614.856363636363
2024,Jan,ID,5614.856363636363
2024,Jan,MT,5614.856363636363
2024,Jan,WY,5614.856363636363
2024,Jan,AK,5614.856363636363
2024,Jan,HI,5614.856363636363
2024,Jan,TX,15440.855
2024,Jan,OK,15440.855
2024,Jan,NM,15440.855
2024,Jan,AZ,15440.855
2024,Feb,IL,9258.395833333334
2024,Feb,OH,9258.395833333334
2024,Feb,MI,9258.395833333334
2024,Feb,IN,9258.395833333334
2024,Feb,WI,9258.395833333334
2024,Feb,MN,9258.395833333334
2024,Feb,IA,9258.395833333334
2024,Feb,MO,9258.395833333334
2024,Feb,ND,9258.395833333334
2024,Feb,SD,9258.395833333334
2024,Feb,KS,9258.395833333334
2024,Feb,NE,9258.395833333334
2024,Feb,FL,5223.27125
2024,Feb,GA,5223.27125
2024,Feb,NC,5223.27125
2024,Feb,SC,5223.27125
2024,Feb,AL,5223.27125
2024,Feb,MS,5223.27125
2024,Feb,TN,5223.27125
2024,Feb,KY,5223.27125
2024,Feb,VA,5223.27125
2024,Feb,WV,5223.27125
2024,Feb,AR,5223.27125
2024,Feb,LA,5223.27125
2024,Feb,TX,15669.81375
2024,Feb,OK,15669.81375
2024,Feb,NM,15669.81375
2024,Feb,AZ,15669.81375
2024,Feb,NY,12480.003333333334
2024,Feb,NJ,12480.003333333334
2024,Feb,PA,12480.003333333334
2024,Feb,MA,12480.003333333334
2024,Feb,CT,12480.003333333334
2024,Feb,RI,12480.003333333334
2024,Feb,VT,12480.003333333334
2024,Feb,NH,12480.003333333334
2024,Feb,ME,12480.003333333334
2024,Feb,CA,5602.005
2024,Feb,WA,5602.005
2024,Feb,OR,5602.005
2024,Feb,NV,5602.005
2024,Feb,CO,5602.005
2024,Feb,UT,5602.005
2024,Feb,ID,5602.005
2024,Feb,MT,5602.005
2024,Feb,WY,5602.005
2024,Feb,AK,5602.005
2024,Feb,HI,5602.005
2024,Feb,TX,15405.51375
2024,Feb,OK,15405.51375
2024,Feb,NM,15405.51375
2024,Feb,AZ,15405.51375
2024,Mar,IL,10624.633333333333
2024,Mar,OH,10624.633333333333
2024,Mar,MI,10624.633333333333
2024,Mar,IN,10624.633333333333
2024,Mar,WI,10624.633333333333
2024,Mar,MN,10624.633333333333
2024,Mar,IA,10624.633333333333
2024,Mar,MO,10624.633333333333
2024,Mar,ND,10624.633333333333
2024,Mar,SD,10624.633333333333
2024,Mar,KS,10624.633333333333
2024,Mar,NE,10624.633333333333
2024,Mar,FL,4659.33
2024,Mar,GA,4659.33
2024,Mar,NC,4659.33
2024,Mar,SC,4659.33
2024,Mar,AL,4659.33
2024,Mar,MS,4659.33
2024,Mar,TN,4659.33
2024,Mar,KY,4659.33
2024,Mar,VA,4659.33
2024,Mar,WV,4659.33
2024,Mar,AR,4659.33
2024,Mar,LA,4659.33
2024,Mar,TX,13977.99
2024,Mar,OK,13977.99
2024,Mar,NM,13977.99
2024,Mar,AZ,13977.99
2024,Mar,NY,15021.11888888889
2024,Mar,NJ,15021.11888888889
2024,Mar,PA,15021.11888888889
2024,Mar,MA,15021.11888888889
2024,Mar,CT,15021.11888888889
2024,Mar,RI,15021.11888888889
2024,Mar,VT,15021.11888888889
2024,Mar,NH,15021.11888888889
2024,Mar,ME,15021.11888888889
2024,Mar,CA,4739.334545454545
2024,Mar,WA,4739.334545454545
2024,Mar,OR,4739.334545454545
2024,Mar,NV,4739.334545454545
2024,Mar,CO,4739.334545454545
2024,Mar,UT,4739.334545454545
2024,Mar,ID,4739.334545454545
2024,Mar,MT,4739.334545454545
2024,Mar,WY,4739.334545454545
2024,Mar,AK,4739.334545454545
2024,Mar,HI,4739.334545454545
2024,Mar,TX,13033.17
2024,Mar,OK,13033.17
2024,Mar,NM,13033.17
2024,Mar,AZ,13033.17
2024,Apr,IL,11643.2975
2024,Apr,OH,11643.2975
2024,Apr,MI,11643.2975
2024,Apr,IN,11643.2975
2024,Apr,WI,11643.2975
2024,Apr,MN,11643.2975
2024,Apr,IA,11643.2975
2024,Apr,MO,11643.2975
2024,Apr,ND,11643.2975
2024,Apr,SD,11643.2975
2024,Apr,KS,11643.2975
2024,Apr,NE,11643.2975
2024,Apr,FL,3786.1670833333333
2024,Apr,GA,3786.1670833333333
2024,Apr,NC,3786.1670833333333
2024,Apr,SC,3786.1670833333333
2024,Apr,AL,3786.1670833333333
2024,Apr,MS,3786.1670833333333
2024,Apr,TN,3786.1670833333333
2024,Apr,KY,3786.1670833333333
2024,Apr,VA,3786.1670833333333
2024,Apr,WV,3786.1670833333333
2024,Apr,AR,3786.1670833333333
2024,Apr,LA,3786.1670833333333
2024,Apr,TX,11358.50125
2024,Apr,OK,11358.50125
2024,Apr,NM,11358.50125
2024,Apr,AZ,11358.50125
2024,Apr,NY,14918.371111111112
2024,Apr,NJ,14918.371111111112
2024,Apr,PA,14918.371111111112
2024,Apr,MA,14918.371111111112
2024,Apr,CT,14918.371111111112
2024,Apr,RI,14918.371111111112
2024,Apr,VT,14918.371111111112
2024,Apr,NH,14918.371111111112
2024,Apr,ME,14918.371111111112
2024,Apr,CA,4997.653181818182
2024,Apr,WA,4997.653181818182
2024,Apr,OR,4997.653181818182
2024,Apr,NV,4997.653181818182
2024,Apr,CO,4997.653181818182
2024,Apr,UT,4997.653181818182
2024,Apr,ID,4997.653181818182
2024,Apr,MT,4997.653181818182
2024,Apr,WY,4997.653181818182
2024,Apr,AK,4997.653181818182
2024,Apr,HI,4997.653181818182
2024,Apr,TX,13743.54625
2024,Apr,OK,13743.54625
2024,Apr,NM,13743.54625
2024,Apr,AZ,13743.54625
2024,May,IL,8873.395833333334
2024,May,OH,8873.395833333334
2024,May,MI,8873.395833333334
2024,May,IN,8873.395833333334
2024,May,WI,8873.395833333334
2024,May,MN,8873.395833333334
2024,May,IA,8873.395833333334
2024,May,MO,8873.395833333334
2024,May,ND,8873.395833333334
2024,May,SD,8873.395833333334
2024,May,KS,8873.395833333334
2024,May,NE,8873.395833333334
2024,May,FL,4240.6925
2024,May,GA,4240.6925
2024,May,NC,4240.6925
2024,May,SC,4240.6925
2024,May,AL,4240.6925
2024,May,MS,4240.6925
2024,May,TN,4240.6925
2024,May,KY,4240.6925
2024,May,VA,4240.6925
2024,May,WV,4240.6925
2024,May,AR,4240.6925
2024,May,LA,4240.6925
2024,May,TX,12722.0775
2024,May,OK,12722.0775
2024,May,NM,12722.0775
2024,May,AZ,12722.0775
2024,May,NY,11875.943333333335
2024,May,NJ,11875.943333333335
2024,May,PA,11875.943333333335
2024,May,MA,11875.943333333335
2024,May,CT,11875.943333333335
2024,May,RI,11875.943333333335
2024,May,VT,11875.943333333335
2024,May,NH,11875.943333333335
2024,May,ME,11875.943333333335
2024,May,CA,4895.205454545455
2024,May,WA,4895.205454545455
2024,May,OR,4895.205454545455
2024,May,NV,4895.205454545455
2024,May,CO,4895.205454545455
2024,May,UT,4895.205454545455
2024,May,ID,4895.205454545455
2024,May,MT,4895.205454545455
2024,May,WY,4895.205454545455
2024,May,AK,4895.205454545455
2024,May,HI,4895.205454545455
2024,May,TX,13461.815
2024,May,OK,13461.815
2024,May,NM,13461.815
2024,May,AZ,13461.815
2024,Jun,IL,9164.2525
2024,Jun,OH,9164.2525
2024,Jun,MI,9164.2525
2024,Jun,IN,9164.2525
2024,Jun,WI,9164.2525
2024,Jun,MN,9164.2525
2024,Jun,IA,9164.2525
2024,Jun,MO,9164.2525
2024,Jun,ND,9164.2525
2024,Jun,SD,9164.2525
2024,Jun,KS,9164.2525
2024,Jun,NE,9164.2525
2024,Jun,FL,5326.350833333333
2024,Jun,GA,5326.350833333333
2024,Jun,NC,5326.350833333333
2024,Jun,SC,5326.350833333333
2024,Jun,AL,5326.350833333333
2024,Jun,MS,5326.350833333333
2024,Jun,TN,5326.350833333333
2024,Jun,KY,5326.350833333333
2024,Jun,VA,5326.350833333333
2024,Jun,WV,5326.350833333333
2024,Jun,AR,5326.350833333333
2024,Jun,LA,5326.350833333333
2024,Jun,TX,15979.0525
2024,Jun,OK,15979.0525
2024,Jun,NM,15979.0525
2024,Jun,AZ,15979.0525
2024,Jun,NY,13609.955555555556
2024,Jun,NJ,13609.955555555556
2024,Jun,PA,13609.955555555556
2024,Jun,MA,13609.955555555556
2024,Jun,CT,13609.955555555556
2024,Jun,RI,13609.955555555556
2024,Jun,VT,13609.955555555556
2024,Jun,NH,13609.955555555556
2024,Jun,ME,13609.955555555556
2024,Jun,CA,6355.458181818181
2024,Jun,WA,6355.458181818181
2024,Jun,OR,6355.458181818181
2024,Jun,NV,6355.458181818181
2024,Jun,CO,6355.458181818181
2024,Jun,UT,6355.458181818181
2024,Jun,ID,6355.458181818181
2024,Jun,MT,6355.458181818181
2024,Jun,WY,6355.458181818181
2024,Jun,AK,6355.458181818181
2024,Jun,HI,6355.458181818181
2024,Jun,TX,17477.51
2024,Jun,OK,17477.51
2024,Jun,NM,17477.51
2024,Jun,AZ,17477.51
2024,Jul,IL,7632.923333333333
2024,Jul,OH,7632.923333333333
2024,Jul,MI,7632.923333333333
2024,Jul,IN,7632.923333333333
2024,Jul,WI,7632.923333333333
2024,Jul,MN,7632.923333333333
2024,Jul,IA,7632.923333333333
2024,Jul,MO,7632.923333333333
2024,Jul,ND,7632.923333333333
2024,Jul,SD,7632.923333333333
2024,Jul,KS,7632.923333333333
2024,Jul,NE,7632.923333333333
2024,Jul,FL,4623.918333333333
2024,Jul,GA,4623.918333333333
2024,Jul,NC,4623.918333333333
2024,Jul,SC,4623.918333333333
2024,Jul,AL,4623.918333333333
2024,Jul,MS,4623.918333333333
2024,Jul,TN,4623.918333333333
2024,Jul,KY,4623.918333333333
2024,Jul,VA,4623.918333333333
2024,Jul,WV,4623.918333333333
2024,Jul,AR,4623.918333333333
2024,Jul,LA,4623.918333333333
2024,Jul,TX,13871.755
2024,Jul,OK,13871.755
2024,Jul,NM,13871.755
2024,Jul,AZ,13871.755
2024,Jul,NY,14201.228888888889
2024,Jul,NJ,14201.228888888889
2024,Jul,PA,14201.228888888889
2024,Jul,MA,14201.228888888889
2024,Jul,CT,14201.228888888889
2024,Jul,RI,14201.228888888889
2024,Jul,VT,14201.228888888889
2024,Jul,NH,14201.228888888889
2024,Jul,ME,14201.228888888889
2024,Jul,CA,4001.9300000000003
2024,Jul,WA,4001.9300000000003
2024,Jul,OR,4001.9300000000003
2024,Jul,NV,4001.9300000000003
2024,Jul,CO,4001.9300000000003
2024,Jul,UT,4001.9300000000003
2024,Jul,ID,4001.9300000000003
2024,Jul,MT,4001.9300000000003
2024,Jul,WY,4001.9300000000003
2024,Jul,AK,4001.9300000000003
2024,Jul,HI,4001.9300000000003
2024,Jul,TX,11005.3075
2024,Jul,OK,11005.3075
2024,Jul,NM,11005.3075
2024,Jul,AZ,11005.3075
2024,Aug,IL,7809.844166666667
2024,Aug,OH,7809.844166666667
2024,Aug,MI,7809.844166666667
2024,Aug,IN,7809.844166666667
2024,Aug,WI,7809.844166666667
2024,Aug,MN,7809.844166666667
2024,Aug,IA,7809.844166666667
2024,Aug,MO,7809.844166666667
2024,Aug,ND,7809.844166666667
2024,Aug,SD,7809.844166666667
2024,Aug,KS,7809.844166666667
2024,Aug,NE,7809.844166666667
2024,Aug,FL,4919.359583333334
2024,Aug,GA,4919.359583333334
2024,Aug,NC,4919.359583333334
2024,Aug,SC,4919.359583333334
2024,Aug,AL,4919.359583333334
2024,Aug,MS,4919.359583333334
2024,Aug,TN,4919.359583333334
2024,Aug,KY,4919.359583333334
2024,Aug,VA,4919.359583333334
2024,Aug,WV,4919.359583333334
2024,Aug,AR,4919.359583333334
2024,Aug,LA,4919.359583333334
2024,Aug,TX,14758.07875
2024,Aug,OK,14758.07875
2024,Aug,NM,14758.07875
2024,Aug,AZ,14758.07875
2024,Aug,NY,12241.674444444445
2024,Aug,NJ,12241.674444444445
2024,Aug,PA,12241.674444444445
2024,Aug,MA,12241.674444444445
2024,Aug,CT,12241.674444444445
2024,Aug,RI,12241.674444444445
2024,Aug,VT,12241.674444444445
2024,Aug,NH,12241.674444444445
2024,Aug,ME,12241.674444444445
2024,Aug,CA,5206.835454545455
2024,Aug,WA,5206.835454545455
2024,Aug,OR,5206.835454545455
2024,Aug,NV,5206.835454545455
2024,Aug,CO,5206.835454545455
2024,Aug,UT,5206.835454545455
2024,Aug,ID,5206.835454545455
2024,Aug,MT,5206.835454545455
2024,Aug,WY,5206.835454545455
2024,Aug,AK,5206.835454545455
2024,Aug,HI,5206.835454545455
2024,Aug,TX,14318.7975
2024,Aug,OK,14318.7975
2024,Aug,NM,14318.7975
2024,Aug,AZ,14318.7975
2024,Sep,IL,8541.225
2024,Sep,OH,8541.225
2024,Sep,MI,8541.225
2024,Sep,IN,8541.225
2024,Sep,WI,8541.225
2024,Sep,MN,8541.225
2024,Sep,IA,8541.225
2024,Sep,MO,8541.225
2024,Sep,ND,8541.225
2024,Sep,SD,8541.225
2024,Sep,KS,8541.225
2024,Sep,NE,8541.225
2024,Sep,FL,5589.361666666667
2024,Sep,GA,5589.361666666667
2024,Sep,NC,5589.361666666667
2024,Sep,SC,5589.361666666667
2024,Sep,AL,5589.361666666667
2024,Sep,MS,5589.361666666667
2024,Sep,TN,5589.361666666667
2024,Sep,KY,5589.361666666667
2024,Sep,VA,5589.361666666667
2024,Sep,WV,5589.361666666667
2024,Sep,AR,5589.361666666667
2024,Sep,LA,5589.361666666667
2024,Sep,TX,16768.085
2024,Sep,OK,16768.085
2024,Sep,NM,16768.085
2024,Sep,AZ,16768.085
2024,Sep,NY,14708.343333333332
2024,Sep,NJ,14708.343333333332
2024,Sep,PA,14708.343333333332
2024,Sep,MA,14708.343333333332
2024,Sep,CT,14708.343333333332
2024,Sep,RI,14708.343333333332
2024,Sep,VT,14708.343333333332
2024,Sep,NH,14708.343333333332
2024,Sep,ME,14708.343333333332
2024,Sep,CA,5363.752272727273
2024,Sep,WA,5363.752272727273
2024,Sep,OR,5363.752272727273
2024,Sep,NV,5363.752272727273
2024,Sep,CO,5363.752272727273
2024,Sep,UT,5363.752272727273
2024,Sep,ID,5363.752272727273
2024,Sep,MT,5363.752272727273
2024,Sep,WY,5363.752272727273
2024,Sep,AK,5363.752272727273
2024,Sep,HI,5363.752272727273
2024,Sep,TX,14750.31875
2024,Sep,OK,14750.31875
2024,Sep,NM,14750.31875
2024,Sep,AZ,14750.31875
2024,Oct,IL,10612.9275
2024,Oct,OH,10612.9275
2024,Oct,MI,10612.9275
2024,Oct,IN,10612.9275
2024,Oct,WI,10612.9275
2024,Oct,MN,10612.9275
2024,Oct,IA,10612.9275
2024,Oct,MO,10612.9275
2024,Oct,ND,10612.9275
2024,Oct,SD,10612.9275
2024,Oct,KS,10612.9275
2024,Oct,NE,10612.9275
2024,Oct,FL,5456.430833333333
2024,Oct,GA,5456.430833333333
2024,Oct,NC,5456.430833333333
2024,Oct,SC,5456.430833333333
2024,Oct,AL,5456.430833333333
2024,Oct,MS,5456.430833333333
2024,Oct,TN,5456.430833333333
2024,Oct,KY,5456.430833333333
2024,Oct,VA,5456.430833333333
2024,Oct,WV,5456.430833333333
2024,Oct,AR,5456.430833333333
2024,Oct,LA,5456.430833333333
2024,Oct,TX,16369.2925
2024,Oct,OK,16369.2925
2024,Oct,NM,16369.2925
2024,Oct,AZ,16369.2925
2024,Oct,NY,11448.492222222221
2024,Oct,NJ,11448.492222222221
2024,Oct,PA,11448.492222222221
2024,Oct,MA,11448.492222222221
2024,Oct,CT,11448.492222222221
2024,Oct,RI,11448.492222222221
2024,Oct,VT,11448.492222222221
2024,Oct,NH,11448.492222222221
2024,Oct,ME,11448.492222222221
2024,Oct,CA,5218.098636363637
2024,Oct,WA,5218.098636363637
2024,Oct,OR,5218.098636363637
2024,Oct,NV,5218.098636363637
2024,Oct,CO,5218.098636363637
2024,Oct,UT,5218.098636363637
2024,Oct,ID,5218.098636363637
2024,Oct,MT,5218.098636363637
2024,Oct,WY,5218.098636363637
2024,Oct,AK,5218.098636363637
2024,Oct,HI,5218.098636363637
2024,Oct,TX,14349.77125
2024,Oct,OK,14349.77125
2024,Oct,NM,14349.77125
2024,Oct,AZ,14349.77125
2024,Nov,IL,7716.2075
2024,Nov,OH,7716.2075
2024,Nov,MI,7716.2075
2024,Nov,IN,7716.2075
2024,Nov,WI,7716.2075
2024,Nov,MN,7716.2075
2024,Nov,IA,7716.2075
2024,Nov,MO,7716.2075
2024,Nov,ND,7716.2075
2024,Nov,SD,7716.2075
2024,Nov,KS,7716.2075
2024,Nov,NE,7716.2075
2024,Nov,FL,5037.107916666667
2024,Nov,GA,5037.107916666667
2024,Nov,NC,5037.107916666667
2024,Nov,SC,5037.107916666667
2024,Nov,AL,5037.107916666667
2024,Nov,MS,5037.107916666667
2024,Nov,TN,5037.107916666667
2024,Nov,KY,5037.107916666667
2024,Nov,VA,5037.107916666667
2024,Nov,WV,5037.107916666667
2024,Nov,AR,5037.107916666667
2024,Nov,LA,5037.107916666667
2024,Nov,TX,15111.32375
2024,Nov,OK,15111.32375
2024,Nov,NM,15111.32375
2024,Nov,AZ,15111.32375
2024,Nov,NY,13934.846666666666
2024,Nov,NJ,13934.846666666666
2024,Nov,PA,13934.846666666666
2024,Nov,MA,13934.846666666666
2024,Nov,CT,13934.846666666666
2024,Nov,RI,13934.846666666666
2024,Nov,VT,13934.846666666666
2024,Nov,NH,13934.846666666666
2024,Nov,ME,13934.846666666666
2024,Nov,CA,6018.478181818181
2024,Nov,WA,6018.478181818181
2024,Nov,OR,6018.478181818181
2024,Nov,NV,6018.478181818181
2024,Nov,CO,6018.478181818181
2024,Nov,UT,6018.478181818181
2024,Nov,ID,6018.478181818181
2024,Nov,MT,6018.478181818181
2024,Nov,WY,6018.478181818181
2024,Nov,AK,6018.478181818181
2024,Nov,HI,6018.478181818181
2024,Nov,TX,16550.815
2024,Nov,OK,16550.815
2024,Nov,NM,16550.815
2024,Nov,AZ,16550.815
2024,Dec,IL,8623.3275
2024,Dec,OH,8623.3275
2024,Dec,MI,8623.3275
2024,Dec,IN,8623.3275
2024,Dec,WI,8623.3275
2024,Dec,MN,8623.3275
2024,Dec,IA,8623.3275
2024,Dec,MO,8623.3275
2024,Dec,ND,8623.3275
2024,Dec,SD,8623.3275
2024,Dec,KS,8623.3275
2024,Dec,NE,8623.3275
2024,Dec,FL,5070.913333333333
2024,Dec,GA,5070.913333333333
2024,Dec,NC,5070.913333333333
2024,Dec,SC,5070.913333333333
2024,Dec,AL,5070.913333333333
2024,Dec,MS,5070.913333333333
2024,Dec,TN,5070.913333333333
2024,Dec,KY,5070.913333333333
2024,Dec,VA,5070.913333333333
2024,Dec,WV,5070.913333333333
2024,Dec,AR,5070.913333333333
2024,Dec,LA,5070.913333333333
2024,Dec,TX,15212.74
2024,Dec,OK,15212.74
2024,Dec,NM,15212.74
2024,Dec,AZ,15212.74
2024,Dec,NY,13263.99888888889
2024,Dec,NJ,13263.99888888889
2024,Dec,PA,13263.99888888889
2024,Dec,MA,13263.99888888889
2024,Dec,CT,13263.99888888889
2024,Dec,RI,13263.99888888889
2024,Dec,VT,13263.99888888889
2024,Dec,NH,13263.99888888889
2024,Dec,ME,13263.99888888889
2024,Dec,CA,4540.350454545455
2024,Dec,WA,4540.350454545455
2024,Dec,OR,4540.350454545455
2024,Dec,NV,4540.350454545455
2024,Dec,CO,4540.350454545455
2024,Dec,UT,4540.350454545455
2024,Dec,ID,4540.350454545455
2024,Dec,MT,4540.350454545455
2024,Dec,WY,4540.350454545455
2024,Dec,AK,4540.350454545455
2024,Dec,HI,4540.350454545455
2024,Dec,TX,12485.96375
2024,Dec,OK,12485.96375
2024,Dec,NM,12485.96375
2024,Dec,AZ,12485.96375
